SA2_CODE_2021,P_OthServ_0,P_OthServ_1_19,P_OthServ_20_29,P_OthServ_30_34,P_OthServ_35_39,P_OthServ_40_44,P_OthServ_45_49,P_OthServ_50_over,P_OthServ_hours_NS,P_OthServ_Tot,P_ID_NS_0,P_ID_NS_1_19,P_ID_NS_20_29,P_ID_NS_30_34,P_ID_NS_35_39,P_ID_NS_40_44,P_ID_NS_45_49,P_ID_NS_50_over,P_ID_NS_hours_NS,P_ID_NS_Tot,P_Tot_0,P_Tot_1_19,P_Tot_20_29,P_Tot_30_34,P_Tot_35_39,P_Tot_40_44,P_Tot_45_49,P_Tot_50_over,P_Tot_hours_NS,P_Tot_Tot
201011001,13,59,33,15,45,48,17,37,5,267,9,20,20,8,36,42,6,32,32,209,428,1344,1052,726,1763,1660,514,967,74,8528
201011002,10,34,16,15,29,38,10,10,4,160,4,27,14,11,28,29,9,9,37,172,310,1002,682,488,1010,1127,371,740,75,5804
201011005,10,17,12,11,20,28,7,20,0,111,3,12,11,3,8,17,3,4,19,90,220,579,430,281,599,689,206,447,38,3495
201011006,15,30,32,11,52,33,17,24,4,223,8,21,20,11,19,30,11,16,41,173,282,759,664,470,1146,1039,288,487,77,5205
201011007,9,14,13,9,17,22,6,12,6,96,3,7,5,5,13,20,7,11,10,85,109,335,267,177,418,501,120,258,31,2224
201011008,17,41,26,11,46,39,12,24,4,222,29,35,14,12,64,61,16,30,46,302,376,976,799,558,1346,1210,357,625,109,6361
201011481,12,22,14,25,26,30,5,11,4,150,12,13,12,5,20,19,11,10,36,132,258,692,534,422,850,851,234,380,66,4288
201011482,9,39,40,17,38,44,12,31,3,241,10,26,14,15,33,33,9,28,33,198,421,1119,925,619,1358,1475,500,880,73,7370
201011483,26,41,27,15,43,27,6,17,3,200,4,17,15,10,26,28,5,15,39,162,322,931,760,508,1217,1134,317,535,84,5823
201011484,7,31,34,18,69,48,0,14,3,228,21,30,10,6,69,35,12,17,43,238,321,848,687,539,1238,972,228,409,100,5327
201021009,4,17,11,7,32,19,9,15,4,123,9,12,13,7,21,35,8,12,28,144,188,425,360,230,570,677,204,451,78,3182
201021010,10,19,17,9,31,34,10,23,6,158,9,26,10,14,20,28,7,11,25,142,215,528,427,336,566,612,180,485,83,3430
201021011,8,28,16,16,17,13,4,15,3,114,16,34,23,6,21,25,9,22,25,187,285,849,642,427,627,746,246,566,72,4470
201021012,0,18,8,7,23,27,3,18,0,114,3,16,16,6,23,17,7,24,31,139,181,456,358,255,512,642,203,497,73,3179
201031013,0,10,7,0,3,13,0,3,0,43,3,3,3,4,8,6,7,6,16,64,78,192,172,133,195,241,73,233,36,1348
201031014,0,7,9,5,14,14,4,6,0,64,3,12,4,0,12,8,3,13,25,86,116,286,197,162,298,366,103,299,66,1882
201031015,6,9,18,10,21,12,3,10,0,82,4,10,9,4,25,24,8,15,18,114,137,304,260,178,432,432,128,261,49,2185
201031016,10,18,13,5,20,11,3,16,0,105,12,15,10,13,35,26,5,11,24,138,160,482,349,289,602,481,121,239,64,2778
201031017,3,13,5,8,10,14,3,11,0,72,11,10,9,3,12,17,6,4,22,99,142,369,236,180,313,371,95,233,52,1982
202011018,13,46,31,10,46,45,17,20,0,223,11,28,27,15,51,35,4,28,61,248,346,1021,831,628,1494,1232,344,704,107,6715
202011019,19,38,33,11,61,48,16,13,0,226,17,26,29,11,41,51,12,14,52,250,335,828,679,517,1317,1046,296,495,104,5616
202011020,15,36,29,14,42,36,7,20,6,198,11,19,14,11,34,30,6,24,33,170,390,1052,783,579,1287,1189,345,708,86,6416
202011021,4,46,30,11,31,18,5,21,0,163,3,22,16,8,21,15,6,8,17,113,267,847,639,441,987,752,236,471,44,4688
202011022,21,57,45,35,76,75,11,32,0,364,15,44,26,14,84,65,12,30,49,352,476,1387,1100,869,2099,1714,488,839,129,9108
202011023,10,29,18,10,22,25,0,18,0,125,0,12,8,7,14,22,3,13,5,87,153,481,364,251,555,562,174,358,24,2918
202011024,5,38,20,15,37,40,10,24,0,188,3,14,11,8,20,26,3,17,20,136,270,896,669,451,994,1064,327,635,52,5368
202011025,21,43,34,24,48,56,13,28,0,270,6,21,25,14,31,41,6,22,57,224,402,933,775,666,1568,1379,369,735,100,6926
202021026,8,27,21,13,40,45,6,19,3,172,11,30,17,9,21,34,7,18,37,186,272,611,570,368,769,883,242,535,101,4350
202021027,8,26,24,22,21,26,7,12,0,156,7,31,14,19,17,23,8,17,19,160,250,895,721,516,655,803,216,435,55,4557
202021028,10,22,17,16,22,32,12,14,0,143,17,19,11,14,26,34,5,16,26,172,263,758,596,411,581,727,196,523,100,4162
202021029,4,16,11,0,11,14,3,11,4,77,3,14,6,7,7,6,4,20,23,93,120,302,257,173,298,350,120,270,48,1948
202021030,12,35,16,22,27,36,12,16,0,174,8,31,16,10,26,28,10,22,29,180,303,852,560,469,733,987,297,681,83,4980
202021031,11,23,15,16,11,18,4,12,0,113,12,21,9,4,13,22,7,15,15,125,247,636,423,350,517,805,239,498,47,3764
202031032,6,15,11,7,9,17,7,12,0,88,6,14,7,6,13,15,0,17,26,106,157,339,239,173,376,404,105,370,61,2230
202031033,4,17,7,0,8,11,3,5,0,67,4,16,8,9,29,17,0,23,43,160,148,426,348,232,362,464,143,656,107,2879
203011034,8,27,21,11,27,41,7,22,0,160,4,21,12,7,19,29,3,20,23,145,237,617,452,305,706,788,216,515,56,3891
203011035,13,28,19,8,30,31,9,13,4,159,9,12,10,13,27,22,7,12,26,144,256,615,426,303,681,864,222,579,92,4043
203011036,8,17,6,5,14,22,3,20,0,103,5,10,11,9,16,25,7,23,30,126,215,573,375,310,507,650,162,508,75,3371
203021037,19,48,41,14,63,42,9,21,0,243,11,43,24,16,42,33,8,18,46,242,420,1285,894,623,1541,1483,418,702,110,7480
203021039,17,45,28,23,37,42,8,24,0,215,16,37,21,12,45,39,9,23,38,232,410,1198,852,622,1372,1471,376,746,83,7121
203021040,29,61,49,28,67,54,20,26,3,334,12,42,30,25,63,73,12,43,74,374,638,1651,1392,922,2291,2430,722,1278,146,11470
203021042,20,76,59,27,47,61,16,25,0,330,12,54,33,30,67,63,19,52,38,361,670,2449,1514,963,2116,2391,730,1430,116,12375
203021043,28,66,50,18,65,67,11,37,4,355,13,28,30,28,66,95,18,40,59,370,523,1323,1104,734,2123,2203,586,1188,149,9936
203021044,19,52,56,16,58,59,12,35,4,319,5,23,18,22,40,44,10,22,39,219,335,1054,829,601,1287,1327,346,602,81,6464
203021045,22,53,35,18,64,64,21,25,3,300,11,35,16,14,59,57,9,17,54,279,340,1109,912,553,1420,1324,347,525,120,6647
203021046,0,23,20,20,24,24,5,16,0,132,9,26,27,12,32,24,5,22,18,180,261,944,665,467,778,1035,346,838,37,5376
203021047,15,38,36,15,55,59,3,19,0,238,13,36,22,25,62,73,7,23,69,322,396,1060,896,602,1529,1544,349,641,155,7170
203021485,17,37,36,14,43,27,10,14,4,206,0,25,12,8,22,32,4,17,28,145,331,773,688,487,1306,1192,299,501,75,5648
203021486,24,44,44,12,63,44,5,19,0,264,24,49,32,29,85,90,21,33,95,465,363,1190,907,585,1624,1474,336,607,180,7257
203021487,34,75,69,33,80,91,18,32,3,431,16,58,27,16,74,89,17,42,54,393,680,2161,1580,1078,2538,2563,728,1148,149,12627
203021488,4,29,9,3,30,26,7,11,5,126,17,23,27,10,31,48,8,15,42,218,182,494,428,295,681,600,127,213,89,3106
203031048,25,61,34,26,58,61,21,31,6,326,12,35,23,18,32,53,15,25,46,249,451,1268,977,669,1431,1525,430,706,104,7564
203031049,3,14,10,4,12,7,3,3,0,64,6,20,18,9,9,18,4,5,20,110,248,594,386,270,402,472,160,306,43,2879
203031051,11,21,27,12,23,24,9,15,0,137,13,23,13,6,16,22,6,10,27,139,270,598,448,310,604,648,176,356,74,3485
203031052,9,13,10,7,4,13,3,6,0,64,5,10,14,7,9,12,5,11,20,85,160,444,314,186,309,353,98,259,50,2169
203031053,46,80,53,36,67,50,13,33,4,380,27,47,40,36,54,99,22,66,55,436,792,2040,1468,997,2026,2594,773,1556,131,12382
203031489,21,41,38,6,35,28,9,15,0,198,9,31,19,13,26,41,4,22,30,192,367,932,775,484,1053,1179,325,637,77,5828
203031490,22,72,52,23,44,39,9,26,4,303,19,44,33,24,29,56,20,24,55,301,624,1633,1254,847,1418,1848,499,991,168,9277
204011054,19,25,13,7,22,17,4,15,0,120,5,22,11,12,20,17,6,18,19,121,231,489,363,294,523,514,120,359,74,2957
204011055,5,18,15,15,10,12,4,11,4,97,5,7,8,3,7,18,0,10,21,85,189,431,326,281,427,588,116,455,86,2888
204011056,24,40,27,22,62,65,20,28,4,292,12,50,32,24,48,76,17,47,67,361,403,1021,806,538,1360,1570,441,915,154,7214
204011057,9,29,21,19,23,33,11,23,5,178,12,23,21,12,24,32,8,10,47,202,296,813,628,430,687,857,276,667,131,4785
204011058,5,12,3,0,5,13,11,0,0,44,6,7,13,13,8,16,4,10,10,84,103,305,210,154,363,456,108,312,39,2047
204011059,8,15,12,4,25,25,0,10,0,104,7,8,3,0,11,19,4,3,27,84,162,409,313,264,561,511,140,265,68,2687
204011060,7,3,11,3,8,15,0,7,0,56,11,7,3,9,11,19,0,8,29,99,133,277,231,136,364,631,200,434,52,2465
204011061,0,0,0,0,0,0,0,0,0,0,0,0,0,0,0,0,0,0,0,0,5,13,3,6,18,21,4,0,3,83
204011062,5,13,11,0,9,16,5,9,0,68,10,8,6,7,12,18,4,21,11,103,122,277,224,130,245,342,108,274,41,1760
204021063,0,34,12,13,22,35,13,16,4,152,13,19,15,7,30,28,10,30,55,211,258,717,535,364,805,835,219,577,129,4437
204021064,0,19,14,0,8,21,0,11,0,69,4,10,5,0,8,11,4,9,15,74,111,255,231,157,290,348,100,331,40,1858
204021065,0,9,3,5,16,16,6,12,3,72,3,9,8,0,7,11,4,0,12,65,106,255,212,144,317,425,111,271,43,1881
204021066,24,51,33,22,81,85,22,31,0,343,15,37,33,18,76,71,16,33,63,348,479,1362,1076,891,1946,1682,459,900,135,8934
204021067,11,25,15,9,31,45,8,23,0,173,10,23,13,14,32,20,10,34,43,200,299,710,614,450,806,958,316,833,126,5110
204031068,3,6,4,3,4,7,0,11,0,46,5,13,4,5,13,11,0,5,19,79,185,367,304,216,398,389,104,290,45,2309
204031069,7,21,20,8,15,6,4,11,0,103,12,18,18,9,25,11,0,12,20,126,337,762,601,425,666,681,209,561,82,4318
204031070,4,6,0,0,5,16,0,13,3,51,5,15,0,4,16,20,5,6,11,74,92,244,161,146,278,325,93,222,33,1600
204031071,3,11,7,0,11,13,9,10,4,71,7,9,9,4,7,14,3,6,25,91,156,354,321,202,397,387,117,267,66,2275
204031072,7,17,15,4,14,32,8,10,3,105,8,15,6,8,11,16,3,6,22,96,155,426,296,241,433,530,149,531,72,2834
204031073,13,52,32,19,55,45,9,31,0,271,8,34,25,12,49,39,12,21,59,245,346,1010,767,671,1634,1464,436,794,114,7225
204031075,7,7,12,4,15,22,6,10,3,87,6,18,9,7,9,16,3,12,19,101,161,381,313,244,402,495,149,415,52,2625
204031491,17,41,32,14,36,42,15,31,0,222,4,13,10,8,39,41,5,15,47,187,313,795,709,521,1330,1694,464,819,103,6750
204031492,16,33,34,18,61,68,20,22,11,279,11,35,24,19,60,57,18,15,59,295,338,937,770,614,1477,1375,418,637,140,6707
205011076,27,72,49,28,81,96,17,42,9,418,21,47,27,16,65,78,23,43,82,408,491,1354,1046,764,1694,1705,484,1140,197,8864
205011077,10,22,3,12,32,30,4,14,5,125,13,19,13,8,15,15,4,23,22,140,196,487,395,236,497,550,164,504,71,3106
205011078,9,16,23,11,25,35,6,24,4,149,8,22,10,4,25,18,8,12,30,142,218,618,488,287,681,678,217,585,101,3869
205011079,31,74,59,48,99,93,33,72,0,507,21,46,30,13,62,73,26,34,72,370,604,1691,1264,940,2033,2053,608,1485,166,10836
205021080,0,0,0,0,0,0,0,0,0,0,0,0,0,0,0,0,0,0,0,0,0,0,0,0,0,0,0,0,0,0
205021081,10,43,41,33,63,61,13,31,4,289,15,30,37,23,56,34,13,32,49,278,334,1014,879,658,1312,1142,340,648,146,6475
205021082,4,26,25,17,22,29,7,24,9,156,19,17,13,12,42,19,3,21,43,193,240,542,542,357,645,653,212,594,99,3888
205021083,0,0,0,0,0,0,0,0,0,0,0,0,0,0,0,0,0,0,0,0,0,0,0,0,0,0,0,0,0,0
205021084,13,28,23,10,26,25,8,7,0,144,14,28,8,8,23,17,0,18,47,159,290,777,530,363,621,662,157,417,107,3919
205021085,0,18,4,5,4,15,4,4,0,70,7,19,10,5,13,12,0,8,29,104,166,466,341,248,351,389,108,366,75,2515
205021086,5,16,8,17,21,13,3,11,0,92,10,20,9,5,11,4,3,5,18,75,157,451,312,237,432,403,130,263,47,2431
205031087,8,28,14,9,13,27,3,12,5,121,13,24,22,11,8,19,4,15,50,157,277,776,534,361,436,636,178,667,118,3973
205031088,0,0,0,0,0,0,0,0,0,0,0,0,0,0,0,0,0,0,0,3,4,10,11,4,3,6,6,7,0,57
205031089,16,37,21,13,31,36,5,39,4,212,17,28,26,17,36,39,7,24,35,226,276,733,579,405,743,828,240,683,113,4596
205031090,4,32,23,22,40,39,12,28,8,217,10,27,12,19,34,29,4,20,46,199,279,876,650,435,804,914,312,773,129,5165
205031091,12,41,33,14,28,26,13,24,3,189,23,35,22,11,18,32,10,16,42,213,512,1056,784,482,895,933,249,510,117,5536
205031092,0,0,0,0,0,0,0,0,0,0,0,0,0,0,0,0,0,0,0,0,0,0,0,0,5,5,0,0,0,8
205031093,45,91,64,36,72,72,15,34,10,444,39,65,33,27,65,70,17,30,99,452,735,1979,1501,1020,1724,2031,483,1116,257,10846
205041094,9,33,18,11,46,47,12,31,5,203,24,30,15,16,28,41,5,23,49,230,308,817,607,455,1029,960,274,588,113,5145
205041095,12,43,31,19,65,68,12,27,6,279,19,29,21,7,45,65,14,36,70,304,355,1029,836,578,1398,1217,329,577,173,6498
205041096,14,25,14,5,44,29,7,13,6,167,12,22,25,17,58,51,12,8,49,259,261,795,667,424,1031,766,240,407,135,4720
205041098,3,16,7,3,19,24,0,9,0,91,3,4,7,8,16,17,3,14,17,91,157,331,252,199,407,452,169,261,60,2279
205041493,19,33,25,15,52,50,10,25,5,220,21,19,14,5,28,23,4,27,42,192,319,754,634,432,1111,955,356,606,101,5271
205041494,30,41,47,25,48,61,13,22,0,284,5,28,14,12,41,37,8,43,42,234,446,1151,936,710,1784,1636,555,842,89,8143
205051099,0,0,0,0,0,0,0,0,0,0,0,0,0,0,0,0,0,0,0,0,0,4,0,0,0,3,0,3,0,13
205051100,3,10,13,5,7,17,4,8,0,60,9,8,9,8,5,17,3,21,25,92,133,295,254,159,267,407,126,399,51,2092
205051101,31,31,26,13,53,62,14,24,0,262,18,33,26,10,35,54,12,43,46,270,440,938,732,558,1063,1253,360,977,129,6450
205051102,0,12,3,0,12,17,3,15,0,75,4,8,5,0,12,14,4,8,22,76,103,245,192,136,293,348,126,403,61,1906
205051103,8,46,46,14,45,50,10,16,7,238,10,21,13,17,34,45,10,16,52,220,336,1029,814,534,1240,1359,391,750,118,6565
205051104,3,12,8,6,7,20,4,9,0,69,8,14,4,3,13,16,3,11,30,98,117,349,269,217,321,391,120,398,58,2238
206011106,22,36,31,18,56,52,13,20,0,252,4,33,23,22,56,80,19,31,40,317,420,1003,806,656,1909,2085,570,990,76,8513
206011107,19,38,36,31,61,55,16,18,0,269,16,36,29,21,62,69,14,30,47,314,460,1203,1001,707,1808,1854,514,922,104,8573
206011109,15,28,30,16,27,32,6,17,3,173,11,18,16,7,37,36,9,23,24,181,308,819,653,451,1084,1213,348,683,61,5621
206011495,20,52,41,26,53,32,9,11,0,247,7,21,26,15,44,68,17,31,45,286,406,1077,919,711,1619,1875,507,856,99,8070
206011496,19,32,33,25,71,44,6,18,0,249,11,29,29,15,55,61,18,34,45,289,402,1091,881,704,1804,1971,551,1038,81,8526
206011497,26,35,26,19,60,33,6,12,5,226,13,39,21,18,58,43,7,14,37,252,411,1064,839,618,1487,1496,369,649,85,7020
206011498,23,29,18,9,60,40,17,14,3,215,16,25,21,18,59,65,13,29,46,296,415,1080,915,672,1439,1620,439,872,86,7530
206021110,6,29,24,17,39,17,5,8,3,154,4,19,12,11,20,35,12,20,26,156,275,743,602,473,934,1088,359,644,45,5160
206021112,35,62,45,33,78,61,8,25,9,352,14,29,35,27,70,73,15,46,59,356,586,1458,1283,981,2202,2386,703,1222,114,10928
206021499,26,39,42,26,47,37,17,20,0,249,11,38,35,22,48,83,16,31,35,323,466,1215,953,760,1561,1944,641,1141,78,8753
206021500,18,35,23,14,37,28,5,15,0,172,9,24,18,18,38,50,6,24,15,201,299,789,687,539,1240,1374,434,846,37,6242
206031113,23,35,30,13,37,45,7,21,0,210,9,31,32,14,74,49,14,38,36,295,451,1022,903,626,1649,1808,574,1108,69,8200
206031115,9,24,17,14,28,16,5,8,0,136,0,28,20,18,50,24,5,16,36,197,230,657,578,371,1060,1072,296,519,80,4867
206031116,24,38,35,23,39,27,19,26,0,241,9,39,38,18,84,62,8,40,47,342,461,1167,1025,688,1885,2225,618,1262,91,9434
206031501,18,34,40,19,46,38,14,29,0,230,8,27,31,20,69,67,18,40,55,342,444,1257,1010,610,1654,1958,522,1153,129,8733
206031502,14,35,27,18,40,44,8,18,4,203,9,33,22,16,46,51,14,26,50,262,345,922,780,523,1437,1620,452,936,92,7121
206041117,17,50,51,15,42,29,10,15,0,233,19,61,61,15,53,60,16,30,77,383,555,1855,1236,539,1561,1717,388,748,145,8749
206041118,14,50,41,19,33,40,11,21,3,226,14,37,34,13,76,95,11,29,63,370,479,940,953,477,2072,2981,462,952,122,9438
206041119,3,13,6,8,26,17,3,17,0,91,4,11,8,5,8,19,3,15,11,85,127,368,261,203,530,777,215,570,29,3078
206041120,0,0,0,0,0,0,0,0,0,0,0,0,0,0,0,0,0,0,0,0,6,10,9,3,13,14,4,3,0,65
206041121,8,31,17,16,30,35,3,14,0,161,4,28,13,7,54,44,10,23,25,218,324,742,623,500,1396,1580,472,880,49,6567
206041124,7,37,12,5,16,5,4,12,0,102,13,19,23,6,15,19,8,12,23,130,358,1082,447,210,604,680,182,372,38,3980
206041125,9,6,19,8,23,7,3,10,0,81,8,18,19,14,27,38,8,24,24,169,155,414,367,251,648,925,252,666,45,3717
206041127,0,0,0,0,0,0,0,0,0,0,0,0,0,0,0,0,0,0,0,0,0,0,0,0,0,0,0,0,0,0
206041503,13,33,41,10,29,29,0,9,6,160,13,46,40,15,40,47,10,19,50,281,341,945,926,335,1131,1259,265,539,111,5855
206041504,20,57,81,21,44,30,0,7,0,260,40,82,90,20,46,60,6,10,86,445,596,2031,1830,563,1874,1803,296,427,187,9608
206041505,19,47,88,12,38,32,10,7,5,252,20,55,68,19,74,64,6,23,108,431,525,1626,1680,620,2232,2211,388,623,217,10129
206041506,16,41,23,27,48,40,15,23,0,226,17,23,39,17,66,67,12,36,52,337,436,1339,988,596,1826,1978,529,1018,102,8813
206041507,0,0,0,0,0,0,0,0,0,0,0,0,0,0,0,0,0,0,0,0,0,0,0,0,0,0,0,0,0,0
206041508,8,21,23,10,11,17,0,10,0,95,9,14,16,7,40,37,10,14,37,180,184,485,481,212,923,1137,247,464,61,4190
206041509,27,42,44,16,62,43,7,8,4,258,12,47,56,21,105,109,17,35,92,491,539,1331,1483,614,2754,2947,523,962,158,11320
206041510,16,23,25,15,17,19,6,10,0,133,6,24,26,8,40,40,9,12,38,196,230,609,649,286,1042,1220,289,438,66,4829
206051128,17,35,34,15,29,38,10,14,5,200,13,36,35,12,51,96,15,78,55,391,374,1102,866,596,1424,2054,575,1705,99,8791
206051129,20,52,49,28,57,55,17,25,0,291,7,28,33,26,61,90,29,63,41,376,444,1076,894,708,1697,2188,698,1424,89,9222
206051130,31,48,35,27,40,43,14,36,0,270,23,30,31,20,60,102,26,46,49,390,455,905,792,529,1491,2283,687,1658,81,8873
206051134,35,61,51,22,67,57,15,30,3,345,14,41,29,17,61,107,25,46,45,382,485,1210,1066,718,2055,2368,749,1257,120,10030
206051511,3,12,6,0,14,6,7,3,0,51,0,5,3,0,13,19,0,6,13,62,55,112,120,64,280,314,86,194,19,1241
206051512,12,37,28,15,30,34,11,19,4,183,13,26,23,24,52,71,10,31,36,288,297,709,603,397,1238,1746,495,1093,73,6645
206051513,34,48,46,30,64,40,12,10,4,289,17,31,32,15,66,80,18,42,37,339,366,788,823,568,1783,1989,529,887,84,7809
206051514,28,35,41,22,48,39,10,26,7,260,10,32,19,20,87,88,23,38,53,370,434,946,869,530,1769,2142,527,1080,117,8415
206061135,10,26,20,3,26,21,4,14,0,126,11,17,28,12,36,36,13,21,29,204,230,665,534,355,952,1243,397,930,66,5367
206061136,48,44,53,25,77,56,23,26,0,353,19,54,31,23,100,128,37,87,63,537,589,1308,1062,782,2623,3364,936,1934,148,12757
206061138,9,23,25,9,31,29,0,20,4,148,17,53,35,12,58,75,11,51,45,353,286,947,742,449,1005,1478,417,1182,102,6603
206061515,16,25,42,15,47,29,7,14,0,200,12,20,32,17,53,88,13,35,39,310,303,789,662,411,1734,2130,545,1102,90,7761
206061516,17,28,37,9,31,31,8,10,0,166,9,21,19,9,47,59,20,43,32,253,263,603,517,343,1215,1610,450,1020,69,6082
206071139,12,23,33,10,36,25,12,17,0,160,15,12,17,12,43,67,7,35,32,243,294,597,564,398,1431,1622,444,805,61,6223
206071140,17,13,32,18,17,27,6,19,0,145,10,15,9,11,19,46,10,16,27,170,281,757,512,433,844,1133,348,756,60,5130
206071141,17,17,25,12,30,28,5,11,0,139,8,28,22,13,45,68,9,30,37,265,276,555,477,396,1225,1585,474,843,64,5889
206071142,9,32,16,12,38,31,7,18,0,174,9,28,19,15,38,61,17,39,45,273,287,682,596,445,1122,1461,479,1029,88,6186
206071143,20,30,21,26,45,49,6,14,0,204,9,40,20,19,34,53,17,35,21,250,373,1021,753,602,1405,1762,546,1140,59,7669
206071145,11,36,27,6,34,14,14,22,0,171,5,21,12,17,40,47,10,24,26,198,260,707,578,472,1036,1391,435,871,48,5796
206071517,28,32,39,27,54,58,24,29,3,290,15,37,16,23,73,103,18,67,48,407,481,1091,890,770,2449,3203,1059,2145,110,12189
206071518,20,51,39,23,55,51,10,24,3,284,9,32,21,19,64,68,17,37,54,322,359,913,737,517,1877,2219,619,1280,86,8602
207011146,6,28,15,3,18,14,3,15,0,105,7,25,16,5,14,40,5,27,14,163,177,682,432,311,579,887,249,618,32,3980
207011147,11,35,33,14,34,33,8,21,0,189,16,51,32,19,50,84,15,32,49,344,310,1308,907,551,1279,1656,390,935,82,7414
207011148,23,59,28,24,47,39,9,18,7,253,23,54,46,26,61,85,25,52,67,444,416,1831,1194,714,1645,2206,567,1323,142,10041
207011149,8,45,42,22,41,53,12,22,5,254,21,50,31,21,64,63,17,42,54,369,477,1799,1254,826,1572,2277,672,1700,115,10685
207011150,17,59,39,17,33,34,13,30,0,242,7,36,27,10,42,62,14,48,39,278,396,1506,1022,625,1270,1921,598,1457,68,8873
207011152,16,47,25,18,39,27,7,13,0,194,8,32,29,15,65,80,8,46,27,312,378,1225,919,614,1618,2164,638,1362,65,8981
207011154,5,26,11,4,16,11,3,8,0,80,4,17,10,13,21,29,8,14,15,128,156,577,396,229,519,719,221,521,24,3368
207011155,12,46,21,17,23,34,15,22,0,189,10,53,20,24,37,65,13,42,32,302,369,1520,913,558,1085,1583,485,1409,70,8002
207011519,13,21,21,9,30,19,4,7,0,125,9,29,18,9,25,52,7,36,31,224,298,881,598,363,914,1304,367,882,65,5677
207011520,18,33,36,16,38,24,12,8,0,187,7,31,22,14,48,67,10,30,44,259,348,1005,735,468,1344,1751,445,1013,81,7199
207011521,16,26,19,25,22,24,4,17,0,146,18,35,24,6,35,49,10,38,35,248,275,1043,684,446,872,1185,378,1024,56,5966
207011522,21,38,21,9,36,26,6,18,0,171,6,39,23,16,43,52,14,44,50,282,315,1094,721,517,1114,1477,423,1052,98,6819
207021156,22,43,34,23,33,32,8,10,0,198,14,21,15,14,44,45,8,19,36,212,264,825,637,397,1025,1228,338,576,78,5371
207021157,28,83,65,28,72,78,9,26,5,395,23,70,56,38,108,105,17,45,107,557,536,1801,1415,894,2531,2506,533,1071,207,11500
207021159,15,41,40,24,53,45,6,24,0,259,12,58,29,13,60,61,11,46,52,348,364,1326,949,601,1377,1720,374,950,107,7764
207021160,17,37,29,23,33,50,8,16,0,214,17,33,16,14,44,61,12,26,50,279,313,1021,770,517,1222,1417,317,745,78,6403
207021424,13,43,41,20,53,50,15,23,4,261,19,36,42,21,71,62,9,28,54,349,288,1226,944,546,1519,1650,337,670,104,7284
207021425,23,62,35,16,37,50,5,21,3,247,17,46,35,19,66,72,10,17,51,338,341,1114,803,508,1477,1680,316,576,92,6905
207031161,21,86,59,32,74,64,9,37,0,385,8,55,42,20,86,86,22,37,74,429,542,1822,1348,857,2203,2545,620,1241,135,11295
207031162,12,31,30,15,29,31,9,5,0,164,9,23,26,16,54,42,10,17,29,214,242,863,618,419,1004,1149,300,550,57,5197
207031163,24,60,80,33,82,63,15,19,0,384,19,80,82,37,86,106,16,28,120,575,524,1850,1737,912,2359,2302,515,892,176,11258
207031164,23,47,52,20,50,45,14,26,0,271,14,55,64,22,66,83,9,25,54,392,441,1473,1173,748,1698,2025,476,890,101,9012
207031165,9,40,39,15,34,34,3,11,0,191,17,39,32,5,68,38,3,19,66,291,292,1173,818,423,1188,1179,245,499,98,5922
207031166,11,38,28,11,29,36,9,19,0,181,7,19,38,14,55,54,5,7,44,249,200,830,657,390,1157,1046,250,396,85,5015
207031167,6,25,22,17,25,29,3,17,0,143,9,14,19,12,31,36,6,19,28,166,232,908,617,364,890,1189,343,739,54,5339
208011168,15,34,23,18,21,30,17,26,5,176,11,42,41,21,43,58,18,52,36,311,347,1260,804,545,867,1428,437,1203,76,6972
208011169,28,66,35,37,29,33,11,28,0,267,15,99,59,24,55,107,21,75,75,520,491,1876,1242,815,1333,2266,663,2145,156,10978
208011170,18,47,21,18,30,38,18,27,0,217,11,48,24,21,41,78,23,54,43,342,399,1386,862,582,1062,1754,540,1361,86,8032
208011171,12,32,34,22,36,46,14,14,0,208,10,20,22,10,40,69,16,32,16,227,342,935,699,519,1138,1534,455,893,49,6569
208011172,21,58,34,28,34,35,19,32,3,269,21,58,31,18,60,82,21,62,54,408,438,1566,978,646,1297,2007,647,1594,104,9273
208011173,26,50,30,23,39,30,7,31,5,236,27,64,41,14,41,89,28,78,47,422,453,1518,990,585,1152,1820,584,1484,91,8679
208021174,27,62,52,36,52,75,17,27,4,357,19,64,36,24,73,116,20,57,61,469,628,1923,1454,1003,2357,3082,796,1593,131,12971
208021176,14,48,48,19,49,33,15,16,6,242,20,55,44,24,91,113,23,47,67,472,450,1393,1196,783,2273,2659,647,1077,127,10602
208021177,31,80,52,19,45,64,19,28,0,331,18,74,53,38,84,114,30,72,102,577,500,1970,1494,886,1941,2465,674,1548,186,11672
208021178,16,67,50,25,38,54,17,27,0,293,8,43,38,32,65,89,24,61,45,421,399,1475,1104,722,1499,2076,566,1316,110,9268
208021179,17,40,22,17,34,27,7,26,0,182,11,28,26,14,44,67,7,30,37,267,312,911,674,541,1131,1563,461,960,72,6622
208021180,9,19,28,8,31,25,5,9,4,145,4,11,12,12,40,38,6,16,22,162,186,585,471,321,900,1006,255,420,50,4189
208021181,7,18,23,13,35,28,3,9,6,138,5,21,16,7,42,42,11,16,40,208,256,713,596,380,1062,1206,334,646,79,5274
208021182,18,29,25,27,42,39,18,13,6,210,12,31,27,10,82,61,11,35,46,318,351,1040,853,561,1551,1828,443,759,98,7493
208021426,12,52,38,28,56,52,18,28,3,288,12,32,30,16,68,80,18,36,48,340,370,1261,929,634,1640,2037,537,959,103,8462
208021427,24,37,32,23,38,33,12,25,0,223,10,26,26,23,69,52,9,26,47,292,367,1006,836,541,1420,1694,441,871,85,7268
208031183,11,22,19,9,29,27,14,17,0,146,10,18,22,18,46,44,13,18,20,215,217,781,510,338,924,1087,282,546,50,4735
208031184,0,0,0,0,0,0,0,4,0,3,0,0,0,0,0,0,0,0,0,0,3,0,0,0,0,4,0,8,0,22
208031185,30,44,47,22,49,43,12,19,3,266,11,29,27,15,62,84,16,30,55,331,308,890,730,480,1217,1431,380,765,106,6312
208031186,17,42,37,21,57,33,14,17,0,242,8,36,29,22,71,90,15,28,39,338,419,935,790,667,1654,1802,543,849,95,7755
208031187,8,21,14,7,28,12,5,9,0,101,9,6,12,0,27,33,3,12,20,131,158,348,313,235,621,584,148,220,41,2676
208031188,39,76,65,34,81,69,23,35,6,426,14,60,43,31,102,143,22,38,80,530,582,1681,1401,993,2548,2924,769,1355,159,12413
208031189,26,50,38,13,43,42,15,25,0,248,11,31,21,20,60,62,16,37,29,297,376,1058,821,538,1281,1649,497,905,62,7189
208031190,14,30,36,24,46,44,19,20,0,235,6,26,21,13,48,68,5,19,24,242,335,940,756,513,1431,1721,486,857,63,7104
208031191,9,16,23,18,28,25,4,18,3,159,5,28,16,5,47,43,7,18,15,190,221,617,543,363,999,1107,260,534,46,4690
208031192,0,0,0,0,0,0,0,0,0,0,0,0,0,0,0,0,0,0,0,0,0,0,0,0,0,0,0,0,0,3
208031193,27,62,45,33,54,63,12,33,7,337,15,38,34,18,83,105,25,70,44,427,553,1662,1253,876,2016,2659,760,1478,115,11376
208041194,23,53,30,23,46,29,15,30,0,249,8,55,38,26,73,84,20,70,54,431,516,1660,1149,754,1798,2373,739,1951,114,11054
208041195,12,57,41,16,51,38,14,21,0,254,22,60,41,25,65,113,31,81,58,498,554,1856,1354,833,1957,2431,771,1876,118,11747
209011196,12,30,20,18,31,37,10,21,0,180,11,32,28,13,42,42,9,21,37,237,246,761,605,392,1013,949,247,401,62,4667
209011197,23,61,52,30,70,75,12,52,0,377,8,45,38,21,42,91,19,37,23,328,585,1594,1228,831,1939,2404,701,1176,77,10530
209011198,16,36,34,14,38,42,12,24,4,226,18,21,26,15,45,67,19,19,37,277,441,1109,935,685,1563,1949,511,1013,80,8299
209011199,18,43,38,33,64,37,14,19,0,279,11,39,29,22,68,45,12,27,68,322,405,1016,838,611,1622,1569,392,666,135,7246
209011200,13,30,24,21,37,26,5,17,0,169,5,29,27,13,42,52,4,26,27,228,309,1018,744,524,1162,1584,413,941,50,6758
209011201,12,31,12,9,14,20,6,17,0,123,4,20,12,19,25,29,10,25,11,147,190,712,452,322,604,856,255,719,29,4135
209011202,22,35,34,23,51,46,15,32,4,266,17,25,27,21,44,73,15,29,38,291,472,1255,977,708,1548,1796,505,1038,79,8381
209011203,25,38,32,21,50,50,14,25,7,260,11,34,29,18,51,65,14,30,51,300,473,1286,1025,731,1788,2262,608,962,101,9232
209011204,20,29,16,13,35,40,3,12,0,168,14,16,14,12,33,31,7,19,17,158,288,639,523,377,971,1116,250,472,43,4675
209021205,11,23,28,9,40,34,6,8,0,171,9,33,28,8,54,56,7,17,59,268,279,897,747,398,1070,1070,259,484,107,5320
209021428,29,48,49,36,82,60,16,32,7,353,13,43,48,30,96,105,14,41,87,474,580,1524,1353,968,2553,2561,646,1021,171,11381
209021429,24,38,32,16,42,29,3,16,6,203,11,37,29,21,42,54,13,19,34,261,376,975,845,572,1410,1434,381,658,93,6746
209021523,20,45,40,10,55,69,9,17,5,276,12,43,31,26,80,78,15,24,64,373,390,873,949,609,1766,1657,388,563,137,7330
209021524,12,23,22,7,38,30,5,8,7,155,16,31,20,16,55,49,11,21,53,263,224,570,517,280,932,824,201,349,116,4015
209021525,16,38,30,19,29,38,6,10,5,197,11,28,20,12,53,58,14,19,77,299,303,863,738,497,1344,1248,303,486,146,5926
209021526,18,36,38,17,57,57,13,19,0,252,14,35,35,27,72,38,9,22,55,308,357,944,922,623,1663,1586,437,645,111,7284
209031209,34,70,56,32,73,82,15,48,3,425,11,52,33,30,70,97,25,53,40,410,673,2014,1450,971,1984,2679,810,1631,99,12320
209031210,7,9,10,4,13,17,5,11,0,84,0,9,3,9,9,13,8,9,6,53,112,298,234,176,319,410,112,236,22,1912
209031211,10,12,20,4,12,26,4,16,4,102,6,10,6,7,21,21,0,12,19,100,134,309,225,149,368,464,114,256,49,2070
209031212,13,10,18,3,15,17,4,5,0,94,10,18,6,4,12,18,5,11,16,107,180,480,296,222,356,568,142,357,64,2664
209031213,12,30,29,19,26,39,9,25,4,188,8,28,20,5,33,39,8,29,22,197,242,765,584,385,850,1142,304,706,45,5032
209031214,4,39,25,12,17,25,8,11,4,144,9,26,16,6,17,36,3,23,24,158,211,725,439,284,499,757,225,558,50,3741
209031215,29,54,49,13,48,70,8,28,3,302,16,37,23,16,60,72,19,32,42,317,467,1237,938,631,1396,1846,526,968,88,8099
209041216,3,22,16,10,24,29,13,5,0,117,4,21,16,4,35,22,10,13,21,146,200,618,450,286,845,826,172,311,51,3757
209041217,10,19,22,8,22,22,11,11,0,111,0,22,18,3,37,31,3,4,28,150,129,443,374,231,680,581,152,196,67,2850
209041220,28,56,38,22,83,64,18,29,0,341,22,47,38,20,100,74,16,27,95,428,419,1265,1046,685,2130,1947,456,758,174,8878
209041221,13,32,32,20,46,34,8,11,0,199,10,36,24,14,79,58,13,19,56,301,273,744,629,446,1338,1186,262,416,96,5390
209041223,24,58,54,26,70,46,16,30,7,322,15,55,51,36,162,96,16,22,105,543,308,1138,1073,629,2017,1532,321,499,227,7747
209041224,36,61,58,26,110,92,29,40,9,465,14,44,45,35,137,121,26,56,90,573,567,1310,1204,855,2568,2442,677,1250,223,11098
209041225,21,30,26,8,42,49,20,19,0,220,17,25,12,13,54,72,10,26,50,274,285,684,548,397,1013,1150,308,543,113,5044
209041431,28,27,35,16,68,33,11,27,6,248,18,45,30,19,94,65,10,16,45,343,286,836,708,456,1469,1238,269,447,108,5816
209041432,6,30,21,12,32,38,4,13,0,157,5,24,21,15,57,45,7,5,48,222,154,459,488,273,1010,715,139,229,96,3555
209041433,10,29,32,14,39,41,10,5,0,184,9,31,31,14,80,73,11,18,52,324,239,727,696,445,1518,1306,231,390,114,5665
209041435,15,33,31,16,62,22,10,18,6,214,11,31,21,15,70,57,10,14,58,279,307,926,738,527,1638,1518,341,557,125,6680
209041436,14,32,33,16,57,41,17,7,0,211,9,21,23,11,78,54,8,23,51,284,293,801,764,510,1631,1355,316,501,99,6262
209041437,26,57,59,22,108,66,15,13,0,371,26,41,56,36,147,123,19,30,126,594,457,1248,1403,971,3093,2491,527,803,257,11246
209041527,26,48,53,21,68,69,9,38,5,352,8,27,14,17,75,66,10,26,35,284,400,1201,891,609,1676,1829,536,936,106,8181
209041528,12,40,26,17,38,42,10,23,0,199,6,9,8,4,52,35,9,8,33,177,268,680,599,426,1280,1266,297,529,75,5424
209041529,15,29,19,7,25,34,9,12,3,157,11,24,26,19,59,53,6,15,44,256,179,579,518,317,965,752,143,265,105,3837
209041530,11,47,29,14,43,39,11,10,8,215,17,38,28,18,82,67,11,19,81,352,237,741,661,423,1440,1046,238,362,150,5298
209041531,17,32,30,8,42,42,20,19,0,206,5,8,25,12,54,52,11,26,38,227,244,673,597,405,1462,1211,333,454,90,5462
209041532,22,32,28,9,48,45,10,12,0,210,13,22,17,14,58,54,12,22,44,262,308,743,671,480,1542,1341,316,461,97,5960
210011226,15,26,22,14,23,34,7,17,0,168,7,14,11,3,56,44,11,17,11,178,249,498,437,294,979,930,253,494,41,4189
210011227,0,0,0,0,0,0,0,0,0,0,0,0,0,0,0,0,0,0,0,0,0,3,0,0,5,0,0,0,0,8
210011228,17,22,27,7,30,31,0,23,3,158,11,22,17,9,37,40,13,19,33,203,219,584,468,298,754,927,228,524,61,4054
210011230,9,13,14,10,21,25,3,15,3,110,5,10,17,3,23,37,3,16,30,143,213,553,429,297,774,926,241,534,58,4024
210011231,6,25,21,12,26,27,16,26,0,164,11,15,24,13,42,46,6,32,37,223,272,812,615,412,900,1142,340,711,77,5280
210011533,16,45,29,11,39,33,14,21,6,215,15,35,21,17,59,48,4,20,58,274,295,719,631,354,1145,1231,288,587,115,5368
210011534,24,43,27,19,37,37,15,32,0,254,20,27,31,16,60,58,9,26,54,297,367,1012,740,510,1475,1542,406,828,109,6980
210021232,19,53,36,16,36,43,9,44,5,260,4,41,17,17,38,54,16,26,25,235,370,1161,733,575,1191,1522,478,998,113,7135
210021233,0,6,8,7,4,6,8,3,0,45,7,4,9,13,4,14,6,10,11,74,119,280,199,124,226,361,111,262,41,1716
210021234,7,13,15,3,12,17,8,15,0,92,4,7,11,0,23,17,0,10,16,87,126,325,288,192,412,508,151,286,39,2320
210021235,23,34,32,19,42,61,14,39,4,266,16,30,11,10,41,47,16,33,37,241,335,763,599,378,924,1161,353,744,112,5370
210031236,13,19,17,12,37,36,6,12,0,146,3,14,3,9,34,28,4,10,11,120,245,562,510,388,918,955,243,411,36,4262
210031237,9,40,29,14,57,36,9,6,4,206,13,35,41,20,68,50,16,12,89,336,273,840,788,445,1268,1122,255,370,181,5548
210031439,5,12,14,4,5,20,4,4,0,61,3,9,5,3,5,16,5,9,9,59,72,212,168,105,345,354,107,208,15,1603
210031440,6,13,13,13,32,24,5,8,0,107,3,11,11,7,21,23,0,7,19,112,142,352,298,210,639,589,141,251,53,2661
210031535,23,28,40,22,48,38,11,16,4,227,11,33,44,19,76,65,6,21,81,348,313,830,898,534,1573,1433,296,471,146,6491
210031536,18,10,28,9,41,21,5,5,0,129,6,20,26,9,50,46,8,20,38,229,223,538,680,349,1124,966,222,361,74,4540
210031537,4,17,20,13,30,28,4,18,3,134,4,14,12,7,49,29,3,10,34,158,203,508,497,327,1040,1040,256,460,65,4384
210031538,28,43,43,27,70,51,14,28,3,298,15,25,32,17,76,82,17,37,64,362,482,1088,1023,717,2045,2201,555,958,145,9207
210041240,24,34,32,16,53,53,16,30,6,266,8,37,17,5,61,70,13,34,38,274,382,955,775,543,1452,1583,451,807,92,7027
210041539,6,15,17,4,22,29,16,9,0,126,9,10,9,4,34,26,0,5,21,120,160,297,324,180,746,713,166,268,49,2907
210041540,21,39,27,20,43,57,14,32,4,256,11,27,16,23,66,47,11,30,35,265,426,947,793,600,1686,1601,481,760,97,7388
210041541,29,42,21,16,49,41,20,20,8,246,5,22,17,8,37,40,6,27,52,231,366,795,617,424,1283,1363,381,636,91,5956
210051242,4,29,23,12,42,27,5,10,6,162,18,29,48,19,75,50,8,8,86,342,219,674,785,379,1078,770,162,243,160,4471
210051243,20,34,33,17,41,35,7,13,3,206,16,44,36,24,89,60,6,19,101,391,220,741,635,378,1013,847,172,307,190,4496
210051245,30,55,40,29,61,75,12,17,4,317,12,38,40,13,75,69,9,28,78,361,447,1078,952,600,1862,1762,438,788,158,8087
210051246,32,67,56,28,80,75,16,28,8,395,26,60,38,26,102,119,19,32,110,531,556,1562,1175,764,2442,2429,582,1058,234,10809
210051247,17,28,23,14,33,40,3,9,0,170,9,45,31,20,70,63,16,14,105,372,205,675,556,373,1089,859,185,289,194,4420
210051248,0,0,0,0,0,0,0,0,0,0,0,0,0,0,0,0,0,0,0,0,3,4,5,0,5,13,4,7,0,42
210051250,14,23,27,3,24,30,7,13,0,139,11,13,12,6,33,27,0,4,28,146,178,356,354,227,739,673,163,292,50,3037
210051441,3,12,19,7,34,27,12,12,0,122,10,26,25,7,54,45,14,11,42,233,131,473,513,258,874,713,149,263,87,3466
210051442,15,21,32,15,43,31,12,14,0,173,5,23,33,24,86,62,16,18,54,331,214,746,704,440,1441,1222,268,417,126,5581
210051443,20,52,66,23,83,61,13,14,3,339,13,57,52,29,142,103,20,30,114,565,410,1319,1164,731,2349,2012,384,672,247,9292
210051445,34,32,57,26,113,81,17,21,9,381,17,44,45,31,162,122,23,39,132,621,499,1078,1201,843,2981,2357,559,940,299,10757
210051542,12,22,20,0,40,30,7,4,0,141,6,34,28,13,53,39,9,11,47,241,180,539,518,335,1200,934,170,257,100,4237
210051543,14,33,38,9,45,28,4,12,0,178,9,30,37,16,76,60,0,6,52,289,191,677,700,411,1439,1164,199,345,121,5243
210051544,0,19,19,8,35,21,5,6,3,119,12,28,13,15,46,47,15,9,60,246,151,609,468,300,949,742,168,252,113,3757
210051545,12,21,32,5,31,41,6,19,0,177,3,55,40,19,70,55,8,11,117,380,188,878,613,338,1176,932,194,307,197,4831
211011251,23,41,37,20,59,55,10,24,0,267,11,33,35,25,84,70,16,23,45,338,312,832,730,518,1590,1454,365,493,97,6382
211011254,28,44,48,20,69,64,9,24,0,317,11,50,36,28,121,98,12,26,57,441,361,1183,992,631,2071,2009,425,679,112,8465
211011255,12,30,27,14,30,31,8,20,0,174,6,15,12,11,37,33,7,18,19,161,173,577,467,302,723,798,255,507,36,3840
211011256,20,44,38,20,86,64,13,34,0,336,11,30,28,25,99,106,22,25,35,381,362,1145,872,583,2002,1950,474,793,89,8271
211011257,14,23,27,17,28,38,14,18,0,168,3,17,21,6,51,50,17,12,21,197,168,592,487,304,932,1008,270,426,42,4236
211011258,16,51,28,13,36,40,8,23,0,216,10,24,25,10,65,58,7,22,47,258,267,898,620,428,1211,1317,341,572,77,5733
211011259,23,44,29,31,52,37,18,17,0,258,10,29,28,17,78,46,13,21,52,306,296,1023,848,550,1587,1450,356,544,104,6746
211011260,19,56,47,24,61,62,17,23,9,309,19,48,40,25,87,81,17,29,65,410,366,1361,995,670,2021,1961,461,778,136,8741
211011446,31,74,54,35,112,93,26,45,8,481,22,65,44,44,157,131,27,42,72,603,596,1583,1376,937,2722,2692,626,1052,159,11743
211011447,17,41,32,15,66,59,19,14,5,269,13,32,21,26,74,81,11,39,39,333,353,1019,795,555,1600,1561,411,617,84,6997
211011448,23,58,39,19,69,76,19,31,0,339,11,34,41,25,103,84,28,41,39,392,399,1184,957,661,1799,1734,466,774,104,8081
211011449,4,13,13,8,21,23,4,16,0,99,8,12,19,10,27,18,6,19,13,120,140,332,290,182,447,485,135,273,31,2316
211021261,17,51,43,23,54,52,15,34,0,290,13,64,43,23,64,56,10,40,41,360,362,1448,981,579,1349,1606,441,1107,89,7959
211021262,22,33,28,12,17,44,9,15,3,189,4,30,16,13,35,51,7,33,15,213,293,1020,668,398,741,1117,313,832,35,5416
211031263,13,26,32,13,56,62,16,19,0,247,8,17,18,19,82,60,18,25,39,292,302,861,717,494,1430,1398,389,594,79,6255
211031265,23,51,49,37,75,69,19,44,0,370,13,42,38,24,68,78,34,50,48,391,513,1511,1190,776,1786,2143,668,1211,100,9898
211031266,26,54,45,24,94,67,16,39,0,361,12,51,30,21,118,84,26,40,74,446,431,1285,1084,736,2254,2174,508,865,146,9488
211031267,24,80,54,36,62,73,25,34,3,391,16,47,37,20,98,87,14,36,72,431,531,1638,1253,833,2181,2401,663,1110,138,10757
211031268,16,29,32,10,27,34,13,24,3,183,11,19,8,7,40,30,15,20,23,176,237,811,591,406,895,1070,335,617,49,5016
211031450,30,44,54,29,87,70,9,33,3,357,21,32,23,18,125,88,16,20,49,397,407,1067,897,685,1900,1849,450,746,105,8113
211031451,17,40,33,17,52,63,19,19,0,261,14,29,25,8,65,52,8,20,37,251,346,976,778,547,1380,1543,405,704,64,6746
211031452,7,22,14,8,24,12,10,10,0,108,4,16,12,8,26,31,3,17,18,128,112,346,281,220,543,540,155,258,31,2487
211041269,13,23,22,13,40,33,3,13,0,164,11,34,16,9,45,44,7,20,40,226,231,760,618,365,1086,1095,257,442,74,4928
211041270,16,39,39,23,61,57,20,28,0,281,5,37,31,24,80,86,12,21,51,349,418,1246,997,726,1900,2091,532,895,96,8910
211041271,19,43,28,25,50,40,9,19,0,227,3,28,26,12,46,50,4,22,33,218,272,903,802,478,1413,1343,317,573,72,6176
211041272,12,29,38,14,38,41,10,13,0,193,4,28,20,19,48,47,13,17,26,214,224,857,594,433,1080,1170,325,522,58,5262
211041273,14,34,22,26,39,30,10,16,0,183,6,25,31,23,54,54,12,22,34,260,222,907,678,448,1137,1177,286,489,71,5400
211051274,23,42,29,31,45,47,9,33,3,266,13,28,16,13,48,47,4,14,22,200,344,846,672,472,945,1114,333,589,53,5368
211051275,29,50,34,25,57,57,16,28,4,296,11,39,19,14,63,61,9,26,41,281,339,994,687,462,1214,1285,386,691,82,6136
211051276,19,58,56,19,53,58,11,43,3,333,17,28,25,21,36,57,16,22,45,277,473,1127,863,554,1106,1385,362,746,109,6719
211051277,8,37,30,15,36,44,11,31,0,209,8,28,10,10,71,71,14,8,36,254,274,661,505,394,1110,1140,272,472,72,4908
211051278,41,74,64,25,90,101,31,37,4,478,16,37,30,18,81,110,21,57,58,433,534,1507,1089,852,2056,2203,620,1146,133,10140
211051279,8,29,18,9,16,30,11,16,3,142,7,14,16,5,17,22,9,11,12,111,187,456,365,239,493,621,181,337,39,2906
211051280,17,20,21,19,19,37,10,10,0,155,8,17,13,5,30,31,7,16,19,146,195,524,432,280,602,823,223,384,41,3494
211051281,40,83,78,35,106,126,23,65,5,571,22,62,27,37,168,134,26,48,101,630,599,1675,1357,953,2689,2600,712,1220,198,12003
211051282,10,27,15,10,30,28,7,22,0,150,11,29,19,16,36,47,17,25,33,225,336,901,562,432,798,982,318,644,57,5020
211051283,24,49,33,19,36,53,12,27,3,252,11,27,18,13,46,46,11,19,26,233,337,817,685,388,957,1167,297,583,64,5289
211051284,18,50,17,14,39,33,11,25,0,209,8,13,20,8,43,41,14,20,27,186,335,832,679,450,1028,1113,346,552,56,5392
211051285,15,41,27,11,34,43,20,34,3,236,9,17,21,9,30,43,16,25,24,194,226,664,519,357,780,922,254,530,72,4330
211051286,42,58,50,28,64,90,22,42,4,403,22,57,38,25,85,83,20,52,85,463,521,1187,945,644,1505,1559,431,780,203,7783
212011289,31,67,57,28,72,80,19,57,6,417,23,54,39,21,79,119,27,56,58,474,529,1530,1107,733,1621,2039,629,1241,173,9602
212011546,41,80,69,35,105,82,26,50,0,490,12,48,33,34,153,118,34,56,83,575,611,1647,1360,951,3066,2923,784,1235,168,12745
212011547,13,44,18,12,36,62,9,34,6,240,12,29,23,4,42,48,15,26,50,254,267,742,575,348,819,1010,279,720,122,4891
212011548,20,38,29,19,40,48,13,31,3,242,24,18,17,10,62,62,7,34,47,290,254,648,552,416,1032,1042,287,741,131,5102
212011549,30,56,46,24,74,72,17,37,0,362,9,20,25,17,97,93,21,36,55,370,408,859,807,629,1781,1563,437,724,125,7330
212011550,19,21,18,6,43,21,6,11,4,148,7,23,16,3,51,43,5,18,33,214,180,465,412,276,971,817,235,357,63,3780
212011551,8,10,13,3,39,21,12,8,0,111,7,19,9,8,53,32,3,10,27,175,115,368,342,212,716,589,145,234,51,2783
212011552,46,49,51,25,100,109,27,34,0,448,22,50,48,46,172,163,21,62,112,692,640,1694,1358,960,3067,2724,708,1192,219,12563
212021293,30,65,61,32,75,70,15,51,12,411,16,50,43,25,116,89,24,50,52,478,501,1657,1291,849,2361,2478,698,1337,141,11307
212021295,6,27,23,6,40,34,12,12,4,165,15,34,22,24,121,81,12,16,83,406,164,584,523,352,1182,906,250,271,159,4381
212021297,18,37,24,12,43,28,9,14,3,181,14,35,33,15,81,76,15,12,58,332,178,635,555,362,1261,981,216,300,127,4617
212021299,14,29,20,18,29,29,12,25,0,182,5,31,23,12,41,44,14,33,38,243,193,680,458,331,713,880,252,549,74,4126
212021453,11,32,29,10,51,49,6,19,3,207,11,33,19,15,84,82,13,20,54,336,205,813,642,436,1392,1265,280,460,124,5615
212021454,17,39,41,16,38,54,7,13,0,228,7,38,18,15,88,76,13,30,67,341,252,856,706,486,1505,1362,291,489,126,6068
212021455,30,54,31,15,66,73,8,17,0,288,10,27,22,13,88,77,11,23,69,354,332,912,783,543,1650,1499,369,617,122,6825
212021456,14,42,38,16,81,68,11,14,0,290,15,37,37,33,138,89,14,36,65,460,312,873,784,505,1893,1449,322,499,133,6773
212021553,24,49,42,27,68,65,17,32,0,321,7,51,33,15,107,120,17,31,62,439,409,1258,1037,710,2125,2138,505,882,132,9207
212021554,13,27,23,4,48,44,12,13,0,184,5,25,20,17,68,68,19,19,39,277,250,800,647,461,1475,1296,318,436,74,5748
212031300,24,59,49,21,86,80,21,33,4,378,28,54,53,46,172,131,29,58,122,692,419,1181,1165,799,2507,1921,552,743,222,9510
212031303,40,48,44,24,86,73,21,34,0,385,15,41,36,21,98,92,19,32,79,436,482,1041,1048,688,2143,2101,541,1034,151,9240
212031304,32,53,48,25,107,70,17,36,0,385,22,44,58,37,174,139,30,40,100,648,486,1181,1230,832,2881,2301,544,802,207,10469
212031306,21,42,32,18,73,59,9,24,3,287,9,50,36,28,151,132,14,46,126,593,354,994,1018,663,2422,2093,417,655,232,8847
212031308,16,26,34,4,33,43,11,15,3,180,6,21,18,13,40,45,7,25,35,212,206,556,520,345,789,915,248,492,65,4139
212031457,22,45,35,14,54,76,8,25,0,283,14,28,27,19,81,77,19,35,57,349,297,1066,809,521,1491,1491,380,610,107,6771
212031458,18,43,32,19,84,63,25,19,0,305,17,44,43,24,147,99,18,37,88,509,339,1076,913,589,2097,1679,448,589,170,7892
212031555,18,19,22,12,40,30,5,27,0,161,8,25,14,13,65,57,7,10,45,248,207,615,549,437,1435,1223,236,389,93,5187
212031556,23,37,46,16,79,39,5,19,0,262,16,30,31,23,97,72,20,28,82,397,353,751,897,691,2161,1621,353,638,155,7620
212031557,17,40,52,20,102,69,14,27,5,348,16,54,57,25,203,121,24,34,87,617,427,1331,1322,906,2982,2228,555,776,206,10730
212031558,22,24,21,17,53,43,13,13,0,202,6,11,30,11,83,66,12,15,73,318,273,612,678,481,1618,1292,277,475,144,5848
212031559,13,21,26,9,51,33,15,10,4,177,3,31,29,18,93,57,17,11,51,310,240,738,681,519,1672,1347,317,439,107,6066
212031560,9,27,27,20,50,43,18,24,3,214,9,29,30,24,88,65,8,19,48,326,245,706,630,433,1450,1157,272,453,114,5480
212031561,17,25,21,11,54,41,14,14,0,208,10,35,24,20,136,101,16,20,81,440,220,668,640,441,1617,1121,245,395,136,5477
212031562,19,35,34,21,73,46,16,20,5,256,8,47,29,31,139,90,12,23,81,464,227,754,621,458,1639,1151,243,388,145,5626
212041309,19,30,28,18,43,37,13,15,0,211,21,32,31,15,73,63,10,16,49,306,287,714,616,425,1278,1201,232,372,105,5236
212041310,12,44,45,20,78,58,10,20,4,277,16,52,60,22,109,82,8,15,85,451,277,930,950,477,1749,1323,274,375,159,6516
212041312,34,49,54,32,91,66,16,27,5,373,10,63,53,39,183,126,15,46,126,663,342,1326,1148,768,2465,1939,396,669,256,9310
212041313,15,33,29,14,53,40,16,23,0,230,7,15,14,17,51,49,3,21,19,209,269,779,622,444,1081,1130,316,568,51,5259
212041316,5,32,18,14,29,26,7,11,0,156,6,18,26,16,71,38,6,10,33,220,134,456,417,265,857,636,142,219,55,3177
212041317,21,97,92,35,116,62,10,19,5,467,20,101,95,57,300,152,15,33,180,947,320,1390,1363,708,2663,1764,355,552,297,9421
212041318,18,67,55,17,62,40,6,7,0,291,12,58,43,32,176,85,13,33,74,521,175,833,625,396,1686,1058,202,346,132,5459
212041459,14,44,45,15,53,39,6,4,5,234,14,49,44,22,140,86,9,25,83,468,218,781,858,458,1635,1137,238,348,176,5851
212041460,31,90,81,29,90,51,21,13,10,418,28,81,65,58,265,136,29,27,141,831,286,1246,1101,669,2473,1574,326,480,251,8398
212041563,21,42,42,27,90,41,10,19,7,307,22,72,76,42,181,136,27,40,128,726,282,1100,1144,671,2220,1599,403,494,250,8158
212041564,5,8,21,11,26,15,6,11,0,107,9,37,35,28,103,55,8,28,65,363,97,407,425,280,959,725,180,266,121,3452
212041565,28,43,51,18,79,40,5,11,0,285,14,73,41,36,182,101,15,24,95,587,259,905,714,494,2016,1253,257,399,153,6454
212041566,18,31,40,21,86,68,14,30,0,306,10,59,29,13,158,103,13,27,56,481,281,1001,812,595,2212,1924,369,722,109,8026
212051319,29,52,41,30,63,52,11,23,9,306,10,52,38,24,76,113,22,33,77,452,487,1366,1120,677,2173,2397,596,1035,154,10010
212051321,16,57,47,29,50,52,16,26,0,279,17,70,44,31,85,105,13,28,81,472,357,1572,1210,694,2160,2302,432,800,138,9664
212051322,24,57,43,20,54,41,12,21,4,271,17,62,63,21,105,111,18,24,65,484,349,1427,1253,663,2245,2306,461,778,133,9622
212051323,20,41,27,17,57,37,7,21,3,235,8,50,25,30,66,70,17,24,65,354,317,1227,937,584,1603,1829,366,747,118,7724
212051324,16,46,40,21,51,44,14,23,0,256,11,43,51,29,105,71,11,28,77,428,387,1370,1169,651,2039,2185,497,863,134,9297
212051325,25,57,53,28,76,68,15,28,0,357,8,50,59,32,140,90,22,34,115,543,420,1277,1090,725,2296,2156,481,841,195,9479
212051326,40,57,59,35,105,62,17,23,4,406,15,61,60,34,122,116,13,29,90,544,602,1687,1443,940,2669,2818,697,1108,181,12138
212051327,28,57,42,32,54,48,15,23,3,310,21,49,42,25,94,92,12,29,54,423,378,1502,1127,705,1825,1912,465,953,115,8980
212051567,9,21,13,14,19,10,3,5,0,107,10,28,30,11,46,40,10,14,54,240,280,1217,646,274,877,791,106,233,97,4520
212051568,13,37,37,11,38,38,7,11,3,196,4,54,50,17,97,61,8,13,103,409,278,1099,1035,497,1539,1265,229,347,174,6450
213011328,7,9,25,8,27,18,3,16,0,114,4,19,27,19,65,24,7,12,47,240,172,440,481,271,830,694,158,239,105,3388
213011329,17,32,39,16,45,41,8,15,0,210,15,41,21,20,88,66,13,14,62,333,238,696,501,382,1195,1047,200,320,112,4701
213011331,9,23,25,8,29,27,4,11,0,150,7,26,23,8,62,37,7,12,42,232,164,487,417,312,983,729,145,239,106,3589
213011332,24,32,28,26,52,53,7,20,7,249,9,27,19,16,49,57,10,5,56,253,321,829,651,429,1330,1211,306,489,116,5672
213011333,27,48,52,17,44,37,11,10,8,247,11,55,32,29,127,76,9,25,85,453,261,787,627,372,1413,933,197,282,166,5039
213011334,22,80,99,14,69,54,11,15,3,380,32,73,91,42,157,75,19,43,140,668,332,1181,1147,586,1883,1337,296,426,252,7440
213011335,30,59,78,23,74,42,12,6,4,329,12,66,53,34,132,80,18,18,123,534,250,996,955,536,1634,1186,247,356,230,6387
213011336,15,26,21,11,32,27,7,4,0,141,10,27,34,22,51,36,11,18,51,272,235,568,675,345,1051,861,212,362,100,4414
213011337,23,43,47,27,52,40,4,15,3,250,17,49,56,22,106,49,12,16,78,394,225,686,677,390,1293,977,203,358,141,4961
213011338,23,51,55,23,55,44,15,7,12,290,11,51,54,35,143,92,15,27,119,550,338,1009,935,551,1986,1574,373,529,200,7498
213011339,16,25,17,20,48,40,16,14,0,204,13,40,26,8,57,59,9,17,69,291,260,756,682,425,1508,1250,261,415,134,5704
213011340,27,53,51,22,68,59,14,22,6,313,16,43,31,26,72,91,30,26,100,434,448,1345,1050,665,1946,1900,485,935,155,8929
213011569,23,46,47,21,70,55,11,20,3,296,20,53,54,26,137,98,20,22,123,559,383,937,828,522,1967,1528,325,487,223,7191
213011570,6,15,28,8,40,25,6,3,0,133,4,19,21,17,64,41,3,9,52,232,187,484,448,299,1099,900,190,317,85,4012
213021341,14,31,27,16,43,29,19,23,3,208,7,27,18,13,53,55,13,28,56,264,345,834,676,484,1376,1603,419,889,91,6710
213021342,25,49,49,29,71,73,22,24,0,334,14,31,33,14,74,95,16,30,79,388,448,1143,914,633,1983,2035,451,834,168,8617
213021343,20,38,32,12,43,58,18,10,3,238,12,21,37,22,62,71,12,19,73,335,349,696,682,482,1445,1635,409,761,132,6597
213021344,21,44,42,35,56,46,13,48,3,304,10,34,29,16,74,76,25,44,40,349,536,1179,1001,767,1860,2473,760,1580,93,10252
213021345,5,15,19,11,12,24,5,3,0,86,11,8,14,4,20,19,9,12,23,110,140,316,264,156,582,600,126,210,34,2428
213021346,17,42,35,18,35,41,19,36,0,247,11,32,20,19,29,69,8,40,26,263,441,1183,874,651,1260,1777,597,1343,60,8194
213031347,34,51,65,35,78,45,13,19,6,342,18,60,63,21,128,112,7,28,132,566,473,1237,1116,687,2297,2022,445,733,218,9234
213031348,23,44,48,31,54,58,6,23,3,293,14,45,53,15,77,97,7,29,102,443,502,1261,1242,782,2252,2153,552,942,158,9841
213031349,18,35,29,21,51,46,13,16,0,226,13,32,17,10,71,55,14,18,66,295,370,896,787,541,1696,1709,419,781,114,7320
213031350,7,26,22,11,27,20,4,14,0,147,5,13,26,15,39,35,10,19,18,174,294,580,572,447,1088,1259,406,700,33,5363
213031351,23,24,23,19,51,32,17,16,5,206,14,25,28,10,47,42,19,20,55,259,330,727,726,538,1465,1465,386,655,109,6399
213031352,30,31,30,26,58,38,15,21,0,250,15,21,19,21,53,79,15,57,35,316,471,1007,870,654,1679,2144,634,1373,73,8901
213041353,34,77,73,31,112,94,23,53,4,501,24,40,34,25,96,125,17,61,103,518,624,1622,1230,907,2416,2730,762,1544,260,12099
213041358,27,32,40,26,78,74,15,25,3,325,21,46,25,36,100,99,17,30,112,482,508,1163,937,759,2164,1898,483,847,233,9005
213041359,15,37,37,23,48,34,15,22,7,235,5,30,30,18,94,80,7,38,100,402,351,736,863,612,1962,1826,371,619,212,7554
213041360,30,54,39,23,89,52,9,24,5,328,16,49,37,32,104,87,14,32,102,465,439,1297,1038,715,2238,2247,502,886,210,9564
213041461,9,17,11,14,22,19,9,14,0,113,4,14,13,6,28,23,12,7,40,144,121,336,292,199,614,581,141,187,49,2531
213041462,3,19,25,6,26,25,3,3,0,112,5,17,14,7,33,32,3,9,41,155,126,396,347,235,744,736,121,212,71,2985
213041463,23,52,44,26,78,67,15,35,0,331,13,38,46,28,95,95,18,43,90,467,483,1419,1140,740,2301,2359,516,958,196,10118
213041571,9,23,13,7,39,42,7,9,3,150,10,17,20,11,58,52,4,15,47,236,174,551,450,319,964,885,226,420,90,4081
213041572,6,20,17,6,35,31,5,9,0,128,3,7,14,9,53,28,4,6,43,167,148,368,392,258,997,874,148,299,95,3574
213041573,0,20,3,3,7,12,0,9,0,56,6,5,6,0,18,13,0,4,8,61,83,190,145,99,333,370,112,222,16,1566
213041574,12,30,20,9,47,39,3,13,0,165,5,20,20,6,73,46,15,13,49,243,264,553,530,356,1396,1255,278,429,108,5163
213041575,20,40,35,24,67,69,17,29,5,302,13,27,33,18,93,101,19,37,69,407,420,1246,951,604,1951,1943,464,863,155,8609
213041576,21,29,32,10,57,47,9,22,0,238,18,38,19,12,62,40,11,21,40,256,301,735,560,388,1225,1051,285,554,89,5188
213041577,12,12,10,7,20,19,4,10,0,103,3,17,13,15,30,36,7,13,53,176,151,342,311,201,629,554,125,224,102,2642
213041578,18,38,32,10,60,20,11,16,7,209,18,37,31,20,84,60,11,18,60,339,296,768,703,454,1612,1233,275,477,135,5956
213051361,20,50,43,25,84,75,22,29,4,350,12,51,41,27,99,83,11,33,81,456,422,1165,1003,710,2112,1890,484,796,187,8766
213051362,20,51,42,24,74,47,16,17,0,291,17,37,50,25,114,94,13,26,93,450,376,1135,1001,571,1979,1683,385,583,189,7912
213051363,12,28,32,14,30,29,5,8,4,157,8,31,33,18,80,79,10,22,84,357,245,692,754,419,1378,1439,250,468,151,5809
213051368,24,33,36,23,48,33,10,30,4,238,14,26,49,16,90,76,9,32,83,403,401,972,858,638,1838,1848,441,882,165,8042
213051464,22,37,29,11,55,49,10,26,4,249,16,56,34,17,78,98,14,37,96,456,407,1129,903,639,2061,2343,522,1005,174,9189
213051466,27,36,38,24,40,46,11,6,0,230,14,32,48,25,85,90,13,25,97,412,369,881,894,543,2228,2754,457,754,179,9062
213051467,19,37,38,28,60,53,18,23,7,271,14,39,41,25,114,92,15,24,77,448,383,1108,945,650,1939,1693,381,614,158,7860
213051468,26,65,57,25,94,78,26,26,6,405,22,50,39,34,119,107,27,35,98,526,563,1325,1160,885,2838,2574,659,968,202,11172
213051579,14,9,16,0,38,23,5,10,0,120,4,22,21,14,55,63,9,8,74,276,214,512,482,306,1433,1522,235,296,144,5148
213051580,17,34,22,11,58,44,8,21,0,212,11,26,28,11,64,62,15,43,51,305,283,958,704,514,1596,1825,358,673,108,7023
213051581,14,18,12,6,32,34,0,7,0,132,3,26,27,11,67,44,10,10,24,210,220,577,472,317,1203,1305,272,409,62,4839
213051582,4,19,14,7,39,18,6,5,5,114,13,27,26,11,73,60,4,11,72,309,176,501,586,399,1275,1047,157,314,156,4613
213051583,20,49,57,29,63,64,20,27,6,323,25,69,83,44,162,118,14,37,179,721,491,1552,1753,975,3326,3037,525,885,368,12926
213051584,11,14,13,5,23,16,4,4,4,89,6,12,36,14,53,37,9,11,64,242,144,354,473,279,964,799,132,225,101,3462
213051585,12,24,16,14,38,25,10,9,0,155,6,27,24,18,61,54,12,15,71,294,220,687,601,375,1290,1038,211,352,133,4899
213051586,3,12,18,9,24,15,0,4,5,99,3,17,27,12,68,47,3,10,73,259,177,456,526,295,1194,1030,156,259,148,4240
213051587,5,21,18,11,30,17,0,14,4,119,10,18,25,6,64,49,3,13,90,274,208,484,624,340,1300,1239,173,320,165,4845
213051588,14,24,42,13,82,33,12,8,7,238,27,41,54,37,80,90,15,19,124,489,338,956,1106,588,2055,1822,323,539,253,7984
213051589,5,15,9,8,29,24,4,3,4,105,6,19,26,7,56,53,4,15,51,231,176,461,477,316,1160,1048,149,293,97,4176
213051590,18,38,22,19,63,41,9,16,0,221,14,23,17,15,68,84,11,17,45,300,277,768,669,513,1603,1393,301,482,101,6099
214011370,54,63,53,23,123,109,29,44,7,502,19,59,49,29,167,157,34,49,90,653,578,1303,1260,907,2865,2605,622,984,185,11311
214011371,53,68,50,27,77,78,17,24,3,404,17,58,49,20,79,128,35,43,73,503,644,1608,1347,989,2415,2348,602,1008,163,11123
214011372,37,52,27,32,64,76,18,19,4,330,16,54,32,17,110,110,21,26,77,462,465,1153,879,685,1868,1798,494,675,171,8179
214011373,17,49,42,27,45,55,14,29,0,278,19,52,19,27,58,62,10,52,61,351,516,1485,1101,785,1531,1924,582,1174,103,9192
214011374,57,80,75,30,95,113,31,57,5,538,22,59,48,21,118,130,31,64,75,564,763,1860,1546,1113,2614,2958,807,1452,146,13254
214011375,53,45,41,19,52,69,10,30,3,320,23,39,29,14,97,89,25,24,75,413,521,1023,921,660,1790,1955,480,809,153,8309
214011376,21,37,40,20,71,68,15,31,0,311,14,28,15,24,84,89,22,42,46,357,346,946,771,562,1507,1673,462,817,96,7169
214021377,28,35,38,13,44,37,15,21,0,231,13,42,15,14,32,53,9,26,50,253,433,991,729,505,940,1149,333,632,115,5832
214021378,3,12,17,5,6,12,3,0,0,64,4,32,15,4,13,19,5,17,23,139,178,547,385,263,313,509,132,388,64,2780
214021379,41,73,70,33,71,68,14,32,4,420,23,57,41,19,81,64,16,43,74,430,669,1662,1318,924,2045,2263,632,1250,175,10931
214021381,23,52,40,26,31,44,8,32,0,256,13,55,30,28,50,62,17,46,47,340,480,1559,1098,736,1153,1810,561,1442,103,8937
214021382,35,75,46,32,38,52,16,35,6,320,20,61,27,21,69,91,17,55,47,410,569,1694,1188,793,1417,1905,571,1167,120,9421
214021383,33,56,41,16,33,32,5,24,5,249,25,67,50,39,44,79,17,35,90,445,690,1554,1129,678,1112,1532,384,911,185,8165
214021384,43,65,49,32,66,60,20,22,4,358,39,68,39,20,46,60,14,26,90,393,741,1579,1172,776,1578,1592,415,746,241,8842
214021385,48,75,62,41,94,83,26,45,6,468,17,32,37,14,79,71,12,39,68,371,548,1428,1175,866,1790,1976,604,1149,142,9684
214021591,32,44,36,20,49,53,16,21,0,275,12,35,19,16,58,51,7,27,34,258,400,1070,820,603,1218,1407,399,735,85,6747
214021592,19,25,18,13,19,17,0,12,5,131,8,23,10,8,23,32,20,19,34,185,312,735,525,395,696,856,272,539,95,4425
215011386,7,21,30,13,22,21,3,7,0,114,6,12,3,8,18,16,8,3,26,106,201,494,355,326,683,736,184,346,63,3383
215011387,4,6,3,0,6,4,0,0,0,22,0,9,4,0,3,5,0,9,19,49,83,223,165,146,168,270,81,359,45,1543
215011388,15,48,37,22,80,87,23,32,3,360,10,32,19,21,48,41,5,26,53,252,406,1154,886,770,1701,1667,464,806,136,7987
215011389,0,5,8,10,11,19,3,8,0,67,3,3,9,4,3,20,0,5,15,69,87,272,222,162,293,359,95,361,31,1885
215011390,10,6,4,3,13,19,6,10,0,75,7,11,6,6,30,10,6,10,29,121,128,379,316,272,481,610,154,610,63,3014
215011391,0,6,0,4,10,7,6,4,0,42,6,6,6,3,4,10,0,0,3,40,76,228,181,120,221,260,85,271,26,1469
215011392,0,21,14,5,16,24,3,3,0,86,11,17,9,3,12,13,5,17,30,111,236,578,399,330,686,707,168,525,79,3701
215011393,0,0,4,6,0,3,0,4,0,19,0,3,4,0,3,7,0,0,12,32,55,179,128,114,138,268,66,294,31,1270
215011394,5,11,11,5,12,21,4,9,0,77,5,13,4,0,10,12,6,11,29,81,145,396,335,224,361,526,134,462,65,2640
215021395,7,19,25,9,36,31,6,17,0,158,14,33,22,8,40,28,7,14,44,212,192,509,401,285,778,794,205,534,118,3820
215021396,3,16,12,0,29,22,10,10,3,100,5,4,7,7,23,13,0,11,37,109,118,303,240,186,434,431,112,263,66,2151
215021398,6,3,5,3,3,13,8,4,0,47,6,4,9,4,7,10,4,8,21,74,71,188,176,153,251,335,94,388,51,1701
215021399,8,15,16,16,18,29,6,10,0,132,7,18,14,5,20,26,3,13,31,141,126,355,312,247,561,528,149,335,78,2695
215021469,23,41,24,23,66,43,3,19,3,249,21,43,39,36,50,44,14,20,114,373,364,1016,836,664,1744,1368,418,806,212,7429
215021470,13,33,30,20,55,58,3,22,4,243,18,24,28,11,64,55,16,23,76,318,343,960,837,604,1794,1456,375,770,176,7307
215031400,0,17,8,9,13,17,6,9,4,81,8,19,3,4,11,18,0,6,31,103,95,428,298,207,312,513,149,582,68,2656
215031401,3,10,10,9,15,19,4,19,0,100,7,19,12,8,27,26,3,23,35,153,122,404,357,231,408,546,182,588,71,2910
215031402,3,6,7,0,15,10,6,4,0,52,3,5,0,4,12,18,3,8,13,74,77,195,183,128,263,303,102,194,33,1475
215031403,0,4,4,9,3,8,5,4,0,39,5,20,10,10,36,24,3,10,48,167,56,213,127,119,387,259,95,199,82,1535
215031404,20,23,23,16,51,44,12,27,0,204,6,26,15,11,55,40,10,16,53,243,246,731,591,422,1099,1149,290,605,96,5241
215031405,3,10,15,6,19,23,14,26,4,108,14,27,10,11,36,23,7,11,32,179,153,401,324,277,554,576,197,519,92,3090
216011406,19,64,48,21,58,53,17,27,5,315,14,36,23,11,46,44,12,23,50,243,449,1052,905,629,1442,1360,398,805,128,7163
216011407,17,31,36,22,32,56,9,31,0,244,13,27,15,19,34,36,11,13,69,238,253,691,570,434,895,928,326,705,168,4966
216011408,10,8,6,3,8,15,3,12,4,68,4,3,7,0,9,9,5,14,19,78,107,264,221,146,251,356,111,419,67,1936
216011409,9,14,5,3,14,23,8,10,0,79,9,6,0,0,12,6,5,8,17,72,95,275,196,133,235,299,97,311,44,1678
216011410,0,6,7,7,15,15,6,7,6,61,3,12,8,0,17,26,7,8,20,93,92,269,204,128,248,296,98,330,54,1714
216021411,13,15,12,14,7,26,9,11,3,102,4,19,16,11,18,16,7,3,28,114,132,377,326,226,466,460,174,334,63,2558
216021412,0,8,0,3,12,8,0,7,0,37,3,6,3,5,9,13,0,5,15,61,80,209,139,93,214,269,79,217,31,1335
216021413,9,28,21,15,39,55,13,27,4,211,10,18,19,13,32,40,10,34,73,250,264,757,585,517,905,1098,313,950,179,5578
216021414,8,23,12,5,17,29,9,14,0,122,9,17,8,3,13,16,0,3,15,88,228,561,398,295,594,669,199,390,60,3395
216031415,18,23,15,13,47,28,10,11,0,155,12,15,17,3,31,30,13,11,33,151,182,466,365,286,735,695,184,312,56,3290
216031416,9,61,42,21,84,79,20,37,4,361,9,41,28,20,53,70,18,35,75,351,459,1318,954,846,1984,1951,582,1012,150,9263
216031418,0,15,10,5,27,21,6,15,0,94,8,12,3,4,13,28,3,17,18,105,96,306,203,166,323,426,106,399,52,2085
216031419,14,36,27,13,25,41,11,21,6,190,15,22,20,8,32,44,15,25,36,223,251,626,544,385,791,985,316,718,101,4725
216031593,18,27,20,10,55,33,10,22,0,203,0,25,9,5,36,30,8,18,27,158,226,625,479,362,928,923,301,580,55,4475
216031594,15,47,39,31,69,53,17,24,3,295,14,38,36,16,59,67,12,19,107,358,248,883,758,553,1433,1212,359,533,208,6181
217011420,0,19,15,3,32,23,8,15,0,122,12,22,11,9,21,36,8,23,58,203,231,557,496,334,601,738,220,761,125,4064
217011421,9,33,23,16,31,42,8,24,3,192,7,30,18,4,30,25,9,19,30,173,277,730,581,418,844,966,248,534,81,4671
217011422,7,30,23,26,31,47,9,14,0,187,14,39,12,4,23,27,3,12,41,172,292,854,570,395,852,997,236,491,87,4769
217011423,4,7,11,0,10,12,6,8,0,50,9,24,8,6,12,20,4,18,16,112,143,422,371,234,325,582,185,757,73,3086
217031471,3,11,0,4,8,8,0,6,0,43,0,5,8,0,11,10,5,4,9,61,64,241,178,124,230,292,91,224,35,1477
217031472,15,42,18,11,42,43,14,30,7,227,17,27,16,14,40,29,5,21,51,215,337,960,665,470,1229,1116,383,649,113,5923
217031473,4,13,13,10,17,20,4,6,0,81,7,19,13,6,26,13,12,15,30,135,158,462,343,235,433,499,168,559,70,2934
217031474,10,5,7,11,15,17,0,20,0,84,0,22,3,5,3,16,7,7,25,95,103,377,268,214,327,423,148,552,72,2481
217031475,4,12,9,5,12,24,5,7,3,84,12,19,18,3,18,30,11,20,47,172,178,523,400,260,383,593,203,927,140,3604
217031476,0,5,0,0,11,11,3,3,0,35,5,13,9,7,5,12,0,3,13,72,180,388,239,168,254,259,63,198,37,1793
217041477,8,20,13,7,14,15,0,22,9,106,5,9,7,9,19,18,12,18,29,132,187,505,392,279,409,627,193,829,127,3551
217041478,17,36,22,13,28,29,10,13,0,164,7,22,13,13,16,36,6,8,55,183,313,764,590,378,652,890,274,782,126,4779
217041479,25,71,65,32,79,88,16,37,3,417,19,41,36,12,61,77,14,34,54,343,623,1852,1354,935,2239,2146,653,1073,132,11016
217041480,16,42,35,18,46,30,12,23,0,224,14,33,18,15,26,37,8,26,46,223,348,1074,777,595,1248,1279,372,663,122,6484
297979799,0,0,0,0,0,0,0,0,0,0,0,0,0,0,0,0,0,0,0,0,0,0,0,0,0,0,0,4,0,15
299999499,7,4,5,3,11,15,0,0,4,56,20,10,10,8,17,19,0,7,36,126,164,300,218,132,329,340,91,164,69,1797
