SA2_CODE_2021,I_4000more_1AW_OthNW,I_4000more_BNW,I_4000more_LFsta_NS,I_4000more_Tot,Part_inc_stated_BE_WFT,Part_inc_stated_BE_WPT,Part_inc_stated_BE_BAW,Part_inc_stated_1EFT_OthPT,Part_inc_stated_1EFT_OthAW,Part_inc_stated_1EFT_OthNW,Part_inc_stated_1EPT_OthAW,Part_inc_stated_1EPT_OthNW,Part_inc_stated_1AW_OthNW,Part_inc_stated_BNW,Part_inc_stated_LFsta_NS,Part_inc_stated_Tot,All_inc_NS_BE_WFT,All_inc_NS_BE_WPT,All_inc_NS_BE_BAW,All_inc_NS_1EFT_OthPT,All_inc_NS_1EFT_OthAW,All_inc_NS_1EFT_OthNW,All_inc_NS_1EPT_OthAW,All_inc_NS_1EPT_OthNW,All_inc_NS_1AW_OthNW,All_inc_NS_BNW,All_inc_NS_LFsta_NS,All_inc_NS_Tot,Tot_BE_WFT,Tot_BE_WPT,Tot_BE_BAW,Tot_1EFT_OthPT,Tot_1EFT_OthAW,Tot_1EFT_OthNW,Tot_1EPT_OthAW,Tot_1EPT_OthNW,Tot_1AW_OthNW,Tot_BNW,Tot_LFsta_NS,Tot_Tot
201011001,0,11,0,413,41,4,0,29,0,8,0,3,0,3,69,163,0,0,0,0,0,0,0,0,0,0,4,10,563,130,20,846,103,303,26,87,18,90,80,2259
201011002,3,0,0,395,10,0,0,20,0,9,0,0,0,8,37,86,0,0,0,0,0,0,0,0,0,0,0,0,291,47,4,412,57,160,14,56,10,51,40,1147
201011005,0,5,0,217,11,0,0,12,0,7,0,0,0,0,23,59,0,0,0,0,0,0,0,0,0,0,0,3,246,41,4,344,43,119,14,32,4,46,26,925
201011006,0,4,0,100,5,4,0,18,0,3,0,0,0,0,36,74,0,0,0,0,0,0,0,0,0,0,3,11,212,64,16,414,69,185,23,76,14,76,46,1201
201011007,0,3,0,109,13,6,0,18,0,0,0,0,0,5,24,67,0,0,0,0,0,0,0,0,0,4,0,0,167,30,3,244,24,75,10,22,7,44,21,645
201011008,0,0,0,125,12,4,0,14,0,17,0,4,0,5,35,93,0,0,0,0,0,0,0,0,0,4,11,14,231,68,15,456,68,214,24,75,19,130,51,1348
201011481,0,0,0,99,12,7,0,4,0,5,0,0,0,6,28,60,0,0,0,0,0,0,0,0,0,0,0,5,159,36,7,244,41,133,8,56,14,74,31,802
201011482,3,0,0,409,23,0,0,25,10,10,0,0,0,3,42,112,0,0,0,0,0,0,0,0,0,0,4,12,379,91,10,696,114,217,24,67,16,77,45,1734
201011483,0,0,0,144,14,4,3,8,0,0,4,3,0,3,48,87,7,0,0,0,0,0,0,0,0,0,5,12,242,57,6,402,57,163,20,51,16,85,53,1147
201011484,0,0,0,51,4,0,0,6,3,6,3,4,0,3,28,67,0,0,0,0,0,0,0,0,0,0,8,16,143,57,7,280,40,175,18,75,17,116,43,964
201021009,0,4,0,142,11,3,0,12,0,5,0,0,0,0,21,62,0,0,3,0,0,0,0,0,0,0,0,9,179,24,9,264,56,119,17,27,11,49,20,780
201021010,0,0,0,99,8,3,0,7,0,15,0,4,0,8,22,67,3,0,0,0,0,0,0,3,0,0,0,14,154,44,12,254,32,119,20,42,15,58,23,779
201021011,0,0,0,115,3,0,0,12,6,6,3,3,6,3,31,80,0,0,0,0,0,0,0,0,0,0,0,3,127,89,13,254,40,107,20,58,9,60,37,816
201021012,0,0,0,126,9,0,0,16,3,4,0,0,0,3,22,69,0,0,0,0,0,0,0,0,0,0,8,8,170,39,6,282,45,112,15,30,21,51,30,793
201031013,0,0,0,17,4,0,0,0,0,5,5,0,0,0,15,33,0,0,0,0,0,0,0,0,0,0,4,5,46,11,6,89,8,44,5,6,4,33,19,282
201031014,0,0,0,45,9,0,0,9,0,0,0,0,3,0,21,49,0,0,0,0,0,0,0,0,0,0,0,8,102,18,4,124,20,34,10,24,14,35,20,403
201031015,0,0,0,53,8,3,0,14,0,5,0,3,0,4,21,55,0,0,0,0,0,0,0,0,0,4,5,5,99,26,6,190,28,99,7,26,8,49,23,564
201031016,0,0,0,41,3,8,0,4,0,0,0,7,0,9,20,53,0,0,0,0,0,0,0,0,0,0,3,4,107,49,9,162,23,79,13,36,14,69,33,593
201031017,0,5,0,19,9,0,0,6,0,6,0,5,0,5,19,56,0,0,0,0,0,0,0,0,0,0,0,4,63,20,5,138,24,62,13,41,9,73,27,469
202011018,0,3,0,168,10,0,0,10,0,11,0,4,0,7,41,91,0,0,0,0,0,0,0,0,0,0,0,8,215,68,12,350,39,188,20,69,25,124,52,1150
202011019,0,4,0,66,10,0,3,17,4,3,0,5,0,8,39,89,0,0,4,0,0,0,0,0,0,7,9,12,207,59,20,380,72,204,19,84,18,117,50,1215
202011020,0,0,0,288,13,11,0,14,4,3,0,3,3,5,24,79,0,0,0,0,0,0,0,0,0,0,5,3,290,91,8,422,59,179,26,55,24,92,32,1282
202011021,0,3,0,160,8,0,0,6,0,0,0,0,0,0,25,50,0,0,0,0,0,0,0,0,0,0,4,10,209,56,7,324,46,99,12,51,5,47,31,884
202011022,0,0,0,168,17,0,6,15,0,17,5,9,0,8,68,138,0,0,0,0,0,0,0,0,0,0,7,12,356,99,25,639,87,316,34,102,25,168,80,1916
202011023,0,0,0,148,6,0,0,16,3,8,0,3,0,0,17,56,0,0,0,0,0,0,0,0,0,0,0,7,215,36,13,363,45,96,17,25,4,48,21,873
202011024,4,0,3,362,14,0,0,28,0,4,0,4,4,3,38,107,0,0,0,5,0,0,0,0,0,0,0,9,383,90,16,664,81,170,26,47,16,52,47,1589
202011025,3,0,0,164,16,3,0,16,0,5,0,3,0,4,65,116,0,0,3,0,0,0,0,0,0,0,3,8,373,85,16,588,100,280,32,95,30,93,74,1756
202021026,0,0,0,197,21,4,0,23,3,0,5,0,0,3,43,107,4,0,4,4,0,0,0,0,0,0,0,13,285,65,20,432,74,117,23,40,22,55,48,1165
202021027,4,0,0,116,15,6,0,7,5,3,0,3,0,7,28,83,0,0,0,0,0,0,0,0,0,0,3,6,143,122,10,324,39,109,28,68,16,49,35,937
202021028,0,0,0,115,9,3,0,15,0,12,0,4,0,6,31,86,6,0,3,0,0,0,0,0,0,0,0,6,145,74,14,297,48,102,31,65,21,65,34,884
202021029,0,0,0,29,3,0,0,8,0,4,5,0,0,0,16,40,0,0,0,0,0,0,0,0,0,0,3,9,80,28,3,132,22,55,6,18,13,48,24,421
202021030,0,4,0,227,21,3,3,23,6,3,4,5,3,0,28,100,0,0,3,0,0,0,0,0,0,0,0,10,260,91,20,399,55,172,32,46,19,57,31,1179
202021031,3,0,0,370,15,4,0,12,0,4,0,3,3,3,27,73,0,0,0,0,0,0,0,0,0,0,0,3,223,69,8,367,56,145,16,44,10,42,33,1023
202031032,0,0,0,57,5,0,3,6,0,3,0,0,4,4,23,55,0,0,0,0,0,0,0,0,0,0,0,6,107,25,20,190,32,74,10,24,9,54,23,571
202031033,0,0,3,40,15,3,3,11,0,3,3,0,0,7,14,71,0,0,0,5,4,0,0,0,0,6,7,15,123,29,16,214,30,76,6,22,9,72,29,628
203011034,0,4,0,217,16,0,0,18,4,4,3,3,0,0,37,90,3,0,5,0,0,0,0,0,0,0,3,9,259,52,13,469,74,140,30,41,7,49,44,1177
203011035,0,0,0,152,16,0,0,20,0,6,3,4,0,4,37,97,4,0,0,0,0,0,0,0,0,3,7,23,226,48,13,417,71,191,25,36,10,59,51,1153
203011036,0,3,0,170,12,5,0,11,0,12,6,4,0,6,29,83,0,0,0,0,0,0,0,0,0,4,0,8,166,59,10,299,62,105,19,36,11,41,31,848
203021037,0,6,0,275,12,3,0,11,3,7,4,3,0,6,32,89,0,0,3,0,0,0,0,0,0,0,3,12,262,91,23,578,94,245,23,75,23,89,39,1541
203021039,0,0,0,303,18,4,0,16,0,12,0,0,0,9,22,80,0,0,0,0,0,0,0,0,0,0,0,7,241,63,11,435,63,174,28,49,12,74,24,1169
203021040,0,0,0,642,23,3,0,21,3,6,5,0,3,12,60,145,0,0,3,0,0,0,0,0,0,0,4,9,499,109,24,973,163,314,40,93,20,109,69,2415
203021042,0,6,0,1001,35,5,0,37,10,19,0,7,0,11,57,188,3,0,0,5,0,0,0,0,0,0,11,23,786,155,18,1211,153,398,43,125,22,143,71,3124
203021043,5,4,0,481,31,4,0,23,3,11,0,4,3,19,69,169,0,0,4,4,0,3,0,0,0,4,7,17,634,85,30,914,131,424,53,101,38,146,75,2636
203021044,0,5,0,209,22,0,0,24,0,12,0,0,0,8,39,113,0,0,0,3,0,0,0,0,0,0,0,4,308,91,11,635,92,217,25,62,16,92,46,1592
203021045,0,0,0,134,11,5,0,13,0,9,0,6,0,11,38,90,0,0,0,0,0,0,0,0,0,0,3,12,243,72,9,382,51,183,20,85,16,162,39,1257
203021046,6,6,0,583,15,4,0,28,3,12,0,4,3,8,26,95,0,0,0,4,0,0,0,0,0,0,4,8,296,66,4,527,50,181,14,58,12,52,34,1300
203021047,0,3,0,273,18,0,5,15,4,4,5,8,0,14,39,102,6,0,0,0,0,0,0,0,0,3,6,20,310,82,24,494,83,245,25,107,21,184,48,1620
203021485,0,0,0,124,0,0,4,4,0,3,0,0,3,0,29,46,0,0,0,0,0,0,0,0,0,0,9,7,212,90,19,464,86,189,32,39,12,41,33,1215
203021486,0,13,0,132,18,0,0,14,0,14,0,5,4,18,59,135,0,0,0,0,0,0,0,0,3,0,10,22,256,79,21,396,53,354,27,169,36,326,75,1782
203021487,5,3,0,442,22,11,3,26,4,17,0,6,3,9,77,177,0,0,0,0,0,0,0,0,4,0,4,7,582,154,37,1123,174,429,53,135,39,162,82,2956
203021488,0,3,0,15,0,3,0,0,0,5,0,0,0,5,26,48,0,0,0,0,0,0,0,0,0,4,5,7,56,33,7,97,25,110,6,55,10,146,30,581
203031048,0,0,0,255,20,5,0,25,4,15,0,0,5,12,55,137,0,0,0,4,0,0,0,0,0,0,4,12,354,95,12,643,97,262,42,91,32,134,65,1831
203031049,0,3,0,124,8,4,4,9,3,8,0,3,0,3,16,62,0,0,0,0,0,0,0,0,0,0,0,5,92,71,10,167,28,56,16,30,8,41,17,541
203031051,0,3,0,91,9,4,0,9,6,5,4,0,0,15,28,76,0,0,4,5,0,0,0,0,0,0,5,11,124,48,11,183,30,98,15,41,12,90,33,680
203031052,0,0,0,118,6,3,0,12,0,3,0,0,0,11,17,53,0,0,0,0,0,0,0,0,0,0,0,3,89,45,7,159,30,44,12,16,5,40,18,466
203031053,4,9,0,981,45,13,4,47,7,12,3,11,8,10,96,248,9,0,4,6,0,4,0,0,0,0,5,26,731,174,47,1310,183,430,56,122,27,96,107,3284
203031489,0,0,0,345,16,6,0,14,3,10,0,0,0,3,45,102,0,0,3,3,0,0,0,0,0,0,0,12,300,90,21,587,106,206,23,38,14,30,46,1459
203031490,9,4,0,557,30,7,0,36,4,10,8,6,0,6,45,152,4,0,0,5,0,0,0,0,0,0,3,15,499,163,36,991,121,239,58,86,27,94,57,2363
204011054,0,0,0,40,10,0,0,15,0,9,0,4,3,5,11,55,0,0,0,4,0,0,0,0,0,0,4,12,111,37,15,189,27,66,13,28,8,45,19,557
204011055,0,0,0,61,15,0,4,4,0,0,0,3,0,9,15,53,0,0,0,0,5,0,0,0,0,0,5,13,137,24,15,164,27,63,7,33,7,50,26,549
204011056,5,4,0,269,20,10,3,18,0,18,0,8,3,9,68,153,0,0,0,5,4,0,0,0,0,5,9,21,369,70,14,572,109,317,38,89,38,111,73,1799
204011057,0,0,0,95,20,4,3,24,4,3,3,9,0,8,43,122,4,0,3,0,4,0,0,0,0,0,0,11,192,58,11,326,32,92,27,47,9,49,53,901
204011058,0,0,0,57,11,3,0,6,3,0,0,0,0,0,17,45,0,0,0,0,0,0,0,0,0,0,3,0,109,8,5,147,20,54,0,10,5,24,18,406
204011059,0,0,0,56,5,0,0,8,0,6,0,0,0,3,22,52,0,0,0,0,0,0,0,0,0,0,3,6,127,24,9,155,15,69,14,27,10,56,32,529
204011060,0,0,0,56,10,3,0,8,0,3,0,0,0,4,21,61,0,0,0,0,0,0,0,0,0,0,0,7,122,20,8,157,35,98,7,16,12,34,22,540
204011061,0,0,0,0,0,0,0,0,0,0,0,0,0,0,0,0,0,0,0,0,0,0,0,0,0,0,0,0,0,0,0,5,0,8,0,3,0,0,0,17
204011062,0,0,0,29,9,3,0,10,0,0,0,3,0,5,14,41,0,0,0,0,0,0,0,0,0,0,0,0,68,24,5,100,17,37,11,19,13,29,14,333
204021063,0,0,0,81,7,0,0,8,3,3,0,3,5,11,34,83,0,0,0,0,0,0,0,0,0,0,8,15,154,43,13,255,42,106,20,43,17,66,53,817
204021064,0,0,0,44,6,4,5,8,0,0,0,0,0,0,17,43,0,0,0,3,0,0,0,0,0,0,0,0,97,25,8,119,11,44,3,23,12,24,21,386
204021065,0,0,0,46,9,5,0,8,5,7,0,0,0,0,14,42,5,0,0,0,0,0,0,0,0,0,6,8,108,25,9,144,21,48,8,11,0,23,21,415
204021066,0,3,0,228,37,4,0,22,0,7,5,5,0,8,41,136,3,0,0,3,0,0,0,0,0,0,4,16,471,102,17,655,92,212,44,79,23,123,52,1871
204021067,0,0,0,149,32,7,3,29,0,3,0,5,3,8,51,147,0,0,0,0,0,0,0,0,0,0,0,8,308,66,15,383,54,107,21,48,7,68,52,1138
204031068,0,0,0,68,7,3,3,12,0,0,3,0,0,0,20,54,0,0,0,0,0,0,0,0,0,0,0,3,117,35,8,153,40,39,6,12,6,22,20,471
204031069,0,0,0,107,8,7,0,16,0,5,0,6,0,0,37,79,0,0,0,0,0,0,0,0,5,0,3,9,169,66,18,287,41,70,22,48,14,40,37,821
204031070,0,0,0,41,9,0,0,4,0,0,3,0,0,0,13,43,0,0,0,3,0,0,0,0,0,0,0,3,96,18,0,116,13,49,7,16,6,14,20,360
204031071,5,0,0,40,5,3,0,9,4,0,0,0,0,0,15,36,0,0,0,0,0,0,0,0,0,0,4,6,83,31,10,176,16,53,6,21,8,21,22,447
204031072,0,0,0,58,14,0,0,10,0,4,0,0,0,7,24,66,0,0,0,0,0,0,0,0,0,0,3,3,136,17,5,184,25,79,17,28,6,47,26,563
204031073,0,0,0,209,20,0,0,24,0,7,0,7,0,13,56,124,0,0,0,0,0,0,0,0,0,0,8,14,430,68,17,535,91,221,14,51,15,104,65,1613
204031075,0,0,0,114,9,0,0,14,4,10,0,4,0,8,29,76,0,0,0,0,0,0,0,0,0,0,4,0,179,33,6,239,35,63,12,20,9,18,31,647
204031491,0,0,0,236,13,6,0,14,7,4,0,0,3,3,63,120,0,0,0,0,0,0,0,0,0,0,3,6,450,61,24,643,93,211,22,64,13,64,67,1718
204031492,0,0,0,146,7,0,0,15,4,3,3,5,0,4,41,87,0,0,0,0,0,0,0,0,0,0,4,7,333,66,19,382,60,175,21,84,16,93,45,1296
205011076,7,0,4,233,13,0,3,33,8,14,6,6,0,8,56,157,0,0,4,0,0,0,3,0,0,0,12,30,399,118,29,772,137,354,36,106,43,139,78,2221
205011077,0,0,0,117,12,3,0,10,4,8,0,0,0,7,27,70,0,0,4,0,0,0,0,0,0,0,4,16,149,55,21,217,39,97,9,37,10,57,35,728
205011078,0,0,0,118,16,0,0,14,0,5,0,0,0,4,31,80,7,0,0,0,0,0,3,0,0,0,6,17,185,38,13,308,55,137,21,48,9,46,33,893
205011079,0,8,0,450,26,6,3,57,4,16,6,7,0,13,83,213,4,0,0,0,0,0,0,0,0,4,9,25,503,141,38,957,146,372,47,118,22,160,95,2589
205021080,0,0,0,0,0,0,0,0,0,0,0,0,0,0,0,0,0,0,0,0,0,0,0,0,0,0,0,0,0,0,0,0,0,0,0,0,0,0,0,0
205021081,0,0,0,127,15,0,0,24,3,7,0,6,0,7,41,106,3,0,0,0,0,4,0,0,0,0,4,12,257,81,20,524,56,194,29,87,21,122,43,1439
205021082,0,0,0,77,10,0,0,19,3,4,0,5,0,12,38,96,5,0,0,0,0,0,0,0,0,0,3,13,165,54,22,310,42,84,20,44,15,67,46,865
205021083,0,0,0,0,0,0,0,0,0,0,0,0,0,0,0,0,0,0,0,0,0,0,0,0,0,0,0,0,0,0,0,0,0,0,0,0,0,0,0,0
205021084,0,0,0,58,10,6,0,9,5,17,0,0,0,9,42,103,0,0,0,0,0,0,0,0,0,3,0,8,152,60,13,245,41,91,19,66,6,95,53,847
205021085,0,0,0,41,10,0,0,6,4,7,0,3,0,6,20,67,0,0,0,0,0,0,0,0,0,0,3,3,75,40,8,145,16,65,23,41,6,59,24,499
205021086,0,5,0,56,6,3,0,4,0,4,0,3,0,11,10,46,0,0,0,0,0,0,0,0,0,0,0,4,91,39,8,145,19,63,15,30,5,60,17,476
205031087,0,0,0,83,13,9,0,17,0,0,0,0,0,8,27,77,0,0,0,3,0,0,0,0,0,0,4,13,142,50,17,276,40,78,24,52,10,70,26,783
205031088,0,0,0,0,0,0,0,0,0,0,0,0,0,0,0,0,0,0,0,0,0,0,0,0,0,0,0,0,0,0,0,4,0,0,0,0,0,0,0,9
205031089,0,0,0,119,19,3,3,18,3,5,3,4,3,8,39,109,0,0,4,0,0,0,0,0,0,4,0,16,218,60,18,390,57,132,21,52,18,79,47,1088
205031090,0,0,0,140,17,0,0,27,0,8,5,3,0,7,35,110,0,0,0,0,0,0,0,0,0,0,0,11,236,76,20,433,66,155,14,60,14,66,38,1185
205031091,0,0,0,132,8,4,0,14,0,5,3,9,0,3,53,109,0,0,0,0,0,0,0,0,0,0,4,9,212,108,32,357,50,126,28,61,25,96,62,1148
205031092,0,0,0,0,0,0,0,0,0,0,0,0,0,0,0,0,0,0,0,0,0,0,0,0,0,0,0,0,0,0,0,0,0,0,0,0,0,0,0,0
205031093,0,3,0,265,32,15,4,46,6,18,3,10,5,24,65,221,0,0,3,0,0,0,0,0,0,0,13,26,415,188,38,763,113,322,48,159,48,204,81,2385
205041094,6,0,0,225,14,0,0,14,8,8,5,0,6,14,42,111,0,0,0,0,0,0,3,0,0,0,6,11,237,61,12,422,67,178,25,78,21,135,47,1275
205041095,5,3,0,172,15,3,0,25,4,5,7,5,3,14,62,148,0,0,5,4,0,0,0,0,0,6,4,16,240,68,22,455,60,208,33,109,36,181,72,1482
205041096,0,0,0,83,7,4,0,11,0,6,0,3,8,15,39,91,0,0,0,0,0,0,0,0,0,4,5,18,150,49,3,283,44,173,18,81,30,204,57,1093
205041098,3,3,0,87,8,0,3,4,0,10,0,4,0,7,27,58,0,0,0,5,3,0,0,0,0,0,0,5,106,22,10,217,32,85,5,22,15,27,30,575
205041493,0,3,0,203,15,0,0,19,3,14,5,0,0,7,57,121,0,0,0,0,0,0,0,0,0,5,5,12,247,50,15,383,76,176,23,57,16,81,69,1181
205041494,3,5,0,370,26,3,0,16,5,4,3,3,0,5,71,134,5,0,0,0,0,3,0,0,0,0,4,12,418,71,15,684,116,231,31,87,19,93,84,1861
205051099,0,0,0,0,0,0,0,0,0,0,0,0,0,0,0,0,0,0,0,0,0,0,0,0,0,0,0,0,0,0,0,0,0,0,0,0,0,0,0,0
205051100,0,0,0,102,8,3,0,9,3,0,0,0,0,5,34,56,3,0,0,0,0,0,0,0,0,0,0,6,91,19,4,159,24,38,6,16,8,25,32,424
205051101,0,0,0,177,15,5,3,18,3,11,5,3,5,11,96,169,0,0,0,0,0,0,0,0,0,0,3,13,297,58,19,498,78,225,40,64,35,113,103,1529
205051102,0,0,0,66,6,0,0,4,4,8,3,0,0,3,21,45,0,0,0,0,0,0,0,0,0,4,4,8,120,14,6,133,17,73,13,16,10,29,19,458
205051103,4,0,0,239,15,3,0,24,3,9,0,0,0,8,68,131,0,0,0,0,0,0,0,0,0,5,7,14,309,73,17,511,54,228,19,73,18,106,79,1484
205051104,0,0,0,35,5,3,5,5,6,4,3,3,0,5,20,48,0,0,4,0,0,0,0,0,0,0,0,7,100,22,7,128,24,73,8,20,7,45,28,464
206011106,0,0,0,351,5,0,0,0,0,5,0,3,0,0,17,29,0,0,0,0,0,0,0,0,0,0,6,3,226,47,9,252,59,136,14,44,4,66,19,877
206011107,0,6,0,515,8,0,0,14,0,4,0,0,0,6,30,65,0,0,0,0,0,0,0,0,0,0,0,8,293,69,22,414,77,212,21,75,26,96,34,1330
206011109,0,10,0,549,3,0,4,16,3,11,3,3,0,3,25,77,0,0,0,0,0,0,0,0,0,0,5,10,408,79,14,517,78,204,22,60,4,96,34,1524
206011495,0,6,0,426,11,0,0,3,0,3,0,0,0,0,17,46,0,0,0,0,0,0,0,0,0,0,0,0,258,52,9,334,60,113,28,49,4,86,17,1006
206011496,0,6,0,369,7,0,0,9,0,3,0,0,0,8,19,45,3,0,0,0,3,0,0,0,0,0,3,5,236,58,4,250,67,114,21,47,7,72,28,899
206011497,0,14,0,387,6,0,8,12,0,3,0,0,0,6,25,62,0,0,0,3,0,0,0,0,0,5,5,14,255,84,13,393,59,166,23,77,25,151,31,1270
206011498,0,7,3,642,10,3,0,7,0,6,3,3,4,9,27,73,0,0,0,0,0,3,0,0,0,3,4,17,446,104,17,583,85,245,26,78,15,175,40,1804
206021110,5,4,0,563,7,3,0,9,0,6,0,3,0,0,15,49,0,0,0,0,0,0,0,0,0,0,0,6,277,55,7,393,58,121,9,52,8,63,15,1066
206021112,0,9,0,796,11,0,4,16,3,11,0,5,0,13,36,95,0,0,3,0,0,0,0,0,0,8,3,9,473,136,13,734,107,254,27,78,11,171,46,2059
206021499,6,5,0,916,14,4,0,17,0,9,0,7,0,6,28,86,3,0,0,0,0,0,0,0,0,0,6,13,463,120,6,572,93,202,30,69,9,93,32,1706
206021500,0,3,0,552,12,4,0,6,0,0,0,0,0,4,19,53,0,0,0,4,0,0,0,0,0,0,0,0,290,79,5,374,64,108,16,43,4,64,22,1063
206031113,0,9,0,868,17,3,0,18,6,8,0,0,0,10,35,91,0,0,0,0,0,0,0,0,0,0,5,13,515,74,20,554,113,224,27,83,10,130,44,1803
206031115,0,0,0,228,7,0,0,3,0,4,0,0,0,4,25,47,0,0,0,0,0,0,0,0,0,0,5,6,151,41,7,171,32,92,10,48,8,74,29,654
206031116,4,9,0,881,12,0,0,9,4,5,0,0,0,6,32,81,3,0,0,0,0,0,0,0,0,0,4,11,510,76,13,560,93,281,18,56,17,97,38,1767
206031501,7,13,4,1004,17,0,3,14,6,12,6,0,0,3,47,105,0,0,0,0,4,0,0,0,0,3,7,24,601,85,27,718,98,355,27,94,17,135,52,2228
206031502,3,12,0,674,15,5,0,8,6,3,0,6,0,3,26,74,0,0,0,6,0,0,0,0,0,0,5,17,385,68,8,434,69,189,11,64,19,76,35,1367
206041117,0,0,0,161,3,0,3,4,0,0,0,0,0,3,16,29,0,0,0,0,0,0,0,0,0,0,0,3,102,35,9,97,37,78,7,34,17,69,22,494
206041118,0,11,0,266,0,3,0,6,0,0,0,0,4,0,35,50,0,0,0,0,0,0,0,0,0,0,0,0,229,43,13,143,54,269,9,56,14,77,38,938
206041119,0,9,0,131,5,0,0,0,0,0,0,0,0,3,13,27,0,0,0,0,0,0,0,0,0,0,0,0,65,8,0,68,13,36,0,11,3,11,14,232
206041120,0,0,0,0,0,0,0,0,0,0,0,0,0,0,0,0,0,0,0,0,0,0,0,0,0,0,0,0,0,0,0,0,0,0,0,0,0,0,0,0
206041121,3,0,0,453,5,0,0,4,0,3,0,0,0,3,20,32,0,0,0,0,0,0,0,0,0,0,3,9,264,56,11,289,72,126,12,47,7,38,28,957
206041124,0,6,0,115,6,0,0,0,0,0,0,0,0,3,15,26,0,0,0,0,0,0,0,0,0,0,0,6,93,18,0,64,19,58,0,21,9,26,15,307
206041125,5,9,0,194,6,0,0,5,4,6,0,0,0,0,8,27,0,0,0,0,0,0,0,0,0,0,0,0,91,19,0,94,15,84,5,16,6,17,18,370
206041127,0,0,0,0,0,0,0,0,0,0,0,0,0,0,0,0,0,0,0,0,0,0,0,0,0,0,0,0,0,0,0,0,0,0,0,0,0,0,0,0
206041503,0,0,0,82,0,0,5,0,0,3,0,0,0,0,13,21,0,0,0,0,0,0,0,0,0,0,0,0,57,14,9,58,15,76,0,11,5,28,12,298
206041504,0,0,0,49,0,0,0,4,0,0,0,0,0,0,18,26,0,0,0,0,0,0,0,0,0,0,0,0,61,17,4,49,10,57,4,22,7,39,22,296
206041505,0,0,0,84,5,0,0,0,0,0,0,0,0,0,11,13,0,0,0,0,0,0,0,0,0,0,0,0,93,20,5,67,19,104,3,28,4,40,11,391
206041506,0,6,0,337,7,0,0,5,0,3,0,0,4,6,30,53,0,0,0,0,0,0,0,0,0,0,0,4,279,56,10,240,24,160,7,53,16,84,28,958
206041507,0,0,0,0,0,0,0,0,0,0,0,0,0,0,0,0,0,0,0,0,0,0,0,0,0,0,0,0,0,0,0,0,0,0,0,0,0,0,0,0
206041508,0,0,0,117,7,0,0,0,0,0,0,4,0,0,18,29,0,0,0,0,0,0,0,0,0,0,0,0,78,12,3,64,15,83,6,20,0,33,18,344
206041509,0,6,0,187,0,0,0,3,0,0,0,0,0,0,30,36,0,0,0,0,0,0,0,0,0,0,0,5,134,33,15,98,38,150,12,28,21,61,31,614
206041510,0,0,0,148,5,0,0,4,0,0,0,0,0,0,11,18,0,0,0,0,0,0,0,0,0,0,0,5,133,15,3,83,20,91,6,19,8,30,11,411
206051128,0,10,0,899,19,0,0,10,5,9,0,0,0,3,38,83,4,4,0,4,0,0,0,0,0,0,7,16,447,68,9,428,70,304,18,51,6,92,46,1526
206051129,3,9,0,725,9,0,0,9,0,11,0,6,0,6,32,75,0,0,0,4,0,0,0,0,0,0,0,13,345,78,15,406,76,184,19,58,11,42,38,1265
206051130,3,11,0,820,20,3,0,15,0,6,0,0,0,8,33,88,5,0,0,0,0,0,0,0,0,0,0,11,493,64,11,398,98,258,9,52,20,106,42,1546
206051134,0,3,0,504,9,0,0,14,0,0,0,0,0,4,21,51,0,0,0,0,0,0,0,0,0,0,7,6,306,71,6,397,74,132,23,59,9,52,26,1167
206051511,0,0,0,41,0,0,0,0,0,0,0,0,0,0,5,11,0,0,0,0,0,0,0,0,0,0,0,0,36,4,0,18,7,25,5,0,6,6,8,113
206051512,0,8,3,429,5,0,0,3,0,4,0,0,0,5,26,50,0,0,0,0,0,0,0,0,0,0,0,7,230,33,13,227,38,165,12,36,11,64,31,857
206051513,0,0,0,230,11,0,0,4,0,0,0,5,0,4,13,35,0,0,0,0,0,0,0,0,0,0,0,0,147,29,6,136,31,101,6,22,8,33,18,537
206051514,0,6,0,320,16,4,0,3,0,8,0,0,0,0,23,53,0,0,0,0,0,0,0,0,0,0,0,7,198,33,9,184,38,139,21,48,10,39,25,741
206061135,4,7,5,511,5,0,0,15,0,3,0,0,0,0,21,53,0,0,0,0,0,0,0,0,0,0,0,0,212,30,7,228,54,162,9,40,7,40,24,809
206061136,5,5,0,612,17,0,5,9,0,5,0,3,0,6,32,72,0,0,0,3,0,0,0,0,0,0,7,6,326,33,14,329,92,180,15,46,17,72,35,1152
206061138,5,37,4,677,21,5,0,14,5,21,0,3,3,7,50,126,6,0,0,0,0,3,0,0,0,3,4,19,274,59,6,262,46,257,3,69,10,107,55,1155
206061515,4,0,0,175,4,0,0,3,0,3,0,0,0,3,18,39,0,0,0,0,0,0,0,0,0,0,3,4,98,20,5,98,26,84,4,21,8,25,20,396
206061516,0,6,0,252,12,0,0,9,0,3,0,6,0,5,23,54,0,0,0,0,0,0,0,0,0,0,3,5,130,23,9,140,29,103,8,19,8,55,24,541
206071139,0,0,0,255,0,0,0,0,0,0,0,0,0,6,14,26,0,0,0,0,0,0,0,0,0,0,0,0,139,33,0,153,52,80,3,30,3,34,14,555
206071140,0,7,0,346,8,4,0,5,0,5,0,0,0,3,12,40,0,0,0,0,0,0,0,0,0,0,0,4,180,30,6,194,41,95,7,23,8,31,15,632
206071141,4,0,0,125,3,0,0,0,0,6,0,0,0,0,15,28,0,0,0,0,0,0,0,0,0,3,3,9,76,27,3,102,32,53,10,29,14,48,14,406
206071142,0,5,0,238,5,0,0,0,0,3,0,0,0,6,21,38,0,0,0,0,4,0,0,0,0,0,3,8,117,16,6,148,35,72,5,53,8,60,26,548
206071143,4,4,0,605,13,4,0,8,0,4,0,0,0,0,19,54,0,0,0,0,0,0,0,0,0,0,0,4,317,68,4,346,56,128,11,47,0,47,27,1066
206071145,0,7,0,637,4,5,0,11,0,5,0,0,0,6,26,53,0,0,0,0,0,0,0,0,0,0,0,0,318,52,6,359,49,121,15,28,9,36,24,1033
206071517,0,4,0,736,8,4,0,6,0,0,6,0,0,0,28,62,0,0,0,0,5,0,0,0,0,0,0,7,390,54,9,374,101,182,24,46,4,54,29,1290
206071518,5,4,0,284,7,0,0,6,0,3,0,6,0,6,16,32,4,0,0,0,0,0,0,0,0,0,5,6,199,42,9,204,42,123,11,64,13,112,16,838
207011146,0,3,0,690,7,0,3,9,0,5,0,4,0,0,26,55,0,0,0,0,0,0,0,0,0,0,5,6,357,56,9,402,50,184,11,63,6,68,27,1238
207011147,3,28,0,928,14,5,0,19,0,17,8,6,0,16,101,194,0,0,0,4,0,0,0,0,0,0,7,10,572,132,15,541,48,369,24,125,17,244,111,2206
207011148,10,35,0,1393,35,3,4,23,5,21,5,11,3,18,122,252,0,0,0,7,0,0,0,0,0,0,8,24,907,205,25,872,78,529,39,221,40,315,139,3370
207011149,4,40,0,1660,32,0,0,38,4,13,0,5,0,8,77,186,4,0,0,7,0,0,0,0,0,5,0,23,798,120,23,873,102,464,27,145,16,195,88,2848
207011150,6,14,0,1573,22,5,0,17,7,15,6,5,0,7,64,154,6,0,0,0,0,7,0,0,0,0,3,20,824,127,15,805,104,364,22,107,15,142,65,2587
207011152,7,20,0,958,11,0,0,14,3,6,0,0,3,11,51,103,0,0,3,0,0,0,0,0,0,0,8,13,467,74,18,488,83,278,13,79,9,109,62,1680
207011154,3,15,0,515,13,0,0,14,0,9,0,0,0,3,19,55,4,0,0,0,0,0,0,0,0,0,0,11,259,38,3,295,30,141,13,60,3,57,25,933
207011155,7,25,0,1373,27,7,0,35,0,17,3,9,0,13,67,171,0,0,0,0,0,5,0,0,0,0,6,11,645,105,5,691,74,344,18,106,22,147,74,2236
207011519,3,7,0,600,17,0,0,16,0,10,0,3,0,8,36,89,0,0,0,4,0,6,0,0,0,0,0,12,263,34,3,335,48,161,16,41,14,55,32,998
207011520,3,7,0,574,16,0,0,14,0,7,0,3,0,4,39,90,0,0,0,0,0,0,0,6,0,0,0,9,300,39,10,294,48,160,11,51,16,42,41,1010
207011521,4,21,0,829,17,0,0,13,5,10,0,5,0,6,33,100,0,0,0,0,0,0,0,0,0,3,0,11,376,68,4,427,54,231,9,68,11,94,40,1398
207011522,5,18,0,853,19,0,4,15,8,7,0,6,3,8,49,117,0,0,0,0,0,4,0,0,0,0,0,3,429,79,16,440,65,272,15,80,9,119,53,1581
207021156,0,12,0,484,9,3,3,13,0,8,0,3,0,7,36,82,0,0,4,3,0,0,0,0,0,0,5,11,340,93,6,430,59,239,23,77,23,179,46,1517
207021157,0,26,4,733,17,10,4,20,4,16,0,3,6,22,97,191,5,0,6,6,0,0,0,0,6,4,10,26,629,197,30,679,79,526,41,203,43,391,111,2937
207021159,5,48,0,830,23,7,4,18,3,22,0,9,3,21,80,181,3,0,0,0,0,0,0,0,0,6,14,26,565,121,21,637,59,427,22,167,39,305,97,2464
207021160,3,12,0,619,10,6,0,16,0,14,0,6,5,12,43,109,0,0,0,0,0,0,0,0,0,0,9,14,450,108,20,598,78,294,25,130,25,205,58,1988
207021424,6,15,0,642,18,0,4,20,6,19,0,12,3,10,73,157,0,0,3,5,0,0,0,0,0,0,3,14,544,156,26,600,48,412,44,180,26,287,81,2391
207021425,3,8,0,436,9,3,3,9,0,6,0,3,0,11,73,127,0,0,0,3,0,0,0,0,0,0,8,14,489,139,27,532,73,438,32,141,29,227,82,2203
207031161,8,9,0,1140,41,9,5,28,0,11,3,7,7,8,76,191,5,0,3,5,0,0,0,0,0,0,0,14,832,145,18,993,117,430,37,163,31,200,84,3042
207031162,0,12,0,491,11,3,0,8,0,3,0,0,0,6,36,77,0,0,0,0,0,0,0,0,0,0,0,0,416,93,11,495,47,199,14,69,10,127,33,1523
207031163,6,13,0,691,16,3,3,18,9,10,0,3,0,10,48,120,0,0,0,0,0,0,0,0,0,0,7,13,567,115,17,579,79,373,22,158,34,215,67,2224
207031164,0,13,3,814,21,6,5,19,3,7,0,6,0,7,63,138,0,0,0,3,0,0,0,0,0,0,6,14,607,134,20,761,81,360,32,149,27,197,74,2438
207031165,0,5,0,376,11,0,0,4,3,0,0,0,3,6,31,71,0,0,0,0,0,0,0,0,0,0,3,7,289,52,4,333,59,174,3,58,16,107,40,1144
207031166,0,7,0,313,7,0,0,7,0,4,0,4,0,8,40,81,0,0,0,0,0,0,0,0,0,3,3,7,310,81,12,346,42,242,13,98,15,162,44,1355
207031167,3,12,3,713,21,7,0,10,0,5,0,5,0,9,33,87,0,0,0,0,0,0,0,0,0,0,5,5,394,87,9,430,42,195,9,61,8,102,43,1372
208011168,4,13,0,1177,18,8,4,21,3,17,3,8,0,8,43,136,0,0,3,4,3,4,0,0,0,0,3,19,574,93,25,711,78,317,20,80,15,104,49,2067
208011169,16,55,3,1793,52,18,6,46,0,28,0,14,3,11,74,253,0,0,4,4,0,0,0,0,0,6,11,22,744,134,23,839,102,527,30,166,26,182,87,2848
208011170,0,20,3,1392,33,5,0,30,9,13,0,4,4,4,59,157,3,0,0,0,0,0,0,0,0,0,4,17,719,105,16,740,99,406,23,100,10,120,69,2411
208011171,5,3,0,818,12,3,0,14,0,10,0,7,0,4,33,80,0,0,0,0,0,0,0,0,0,0,9,9,454,83,15,605,105,256,24,55,18,76,44,1740
208011172,5,24,0,1451,34,5,0,35,10,15,6,5,0,10,66,171,3,0,0,0,0,5,0,0,0,0,11,19,751,102,13,806,119,407,19,84,16,130,79,2521
208011173,4,21,0,1302,34,6,0,28,0,16,0,6,3,9,49,158,0,0,0,0,0,0,0,0,0,0,0,6,631,114,17,719,86,339,27,87,22,113,53,2216
208021174,3,21,6,1605,40,0,0,43,5,15,9,13,0,8,58,188,0,0,0,4,0,0,0,0,0,0,3,17,1051,170,25,1153,141,493,42,142,30,211,73,3524
208021176,4,6,0,777,11,5,0,18,7,5,0,7,0,3,41,107,0,0,0,5,0,0,0,0,0,0,0,9,559,102,14,593,98,317,29,80,22,104,48,1972
208021177,4,22,0,1201,30,12,5,54,10,21,5,3,4,10,45,190,9,0,6,6,3,3,3,0,4,3,12,49,523,157,28,848,117,396,35,131,24,120,67,2441
208021178,4,17,0,1144,23,0,0,23,7,14,6,8,0,10,49,140,3,5,0,0,0,3,0,0,0,6,8,28,648,126,22,803,88,338,27,92,16,133,69,2352
208021179,3,11,3,743,18,4,0,16,0,5,0,0,0,0,20,71,0,3,0,6,0,0,0,0,0,0,8,18,390,70,18,422,64,206,15,57,10,62,35,1351
208021180,0,0,0,371,3,0,0,3,0,3,0,0,0,8,20,42,0,0,0,0,0,0,0,0,0,0,0,0,281,51,9,298,48,143,5,38,12,65,31,971
208021181,0,7,0,537,11,0,0,17,3,5,0,0,0,0,21,52,0,0,0,0,0,5,0,0,0,0,0,7,349,57,7,395,62,177,14,57,11,58,26,1203
208021182,0,0,0,638,8,3,0,5,3,5,0,3,0,3,38,86,5,0,0,0,0,0,0,0,0,0,3,13,469,81,15,456,75,263,15,69,18,83,47,1587
208021426,4,3,4,958,22,8,4,18,9,11,0,9,0,5,65,137,4,0,7,0,0,0,0,0,0,0,0,15,775,121,10,761,107,380,34,116,22,157,77,2559
208021427,4,4,0,748,29,0,0,13,5,5,0,5,0,7,24,94,0,0,0,0,0,0,0,0,0,0,4,7,573,100,14,718,108,278,27,86,19,118,32,2076
208031183,3,0,0,479,12,3,6,11,0,6,3,8,0,0,19,73,0,0,0,3,0,0,0,0,0,0,0,9,442,72,16,491,46,240,17,60,10,90,23,1497
208031184,0,0,0,0,0,0,0,0,0,0,0,0,0,0,0,0,0,0,0,0,0,0,0,0,0,0,0,0,0,0,0,0,0,0,0,0,0,0,0,0
208031185,0,3,0,382,13,5,0,18,0,4,0,3,0,0,36,85,0,0,5,7,0,0,0,0,0,0,3,17,351,79,12,529,76,215,23,54,14,78,41,1478
208031186,0,0,0,420,20,7,4,15,6,10,0,0,0,5,30,89,3,0,0,0,0,0,0,0,5,0,5,8,401,71,20,614,95,222,28,64,21,84,36,1665
208031187,0,0,0,153,5,0,0,8,0,6,0,0,0,0,23,45,0,0,0,0,0,0,0,0,0,0,5,8,182,35,10,270,52,110,16,32,3,47,31,785
208031188,3,14,0,923,15,7,4,26,8,13,0,0,0,8,55,148,0,0,0,4,0,0,0,0,0,0,7,17,751,145,30,1027,172,424,33,121,25,204,72,3000
208031189,4,10,0,641,19,3,0,21,0,10,0,6,0,3,25,94,3,0,3,4,0,0,0,0,0,0,0,12,485,90,9,727,120,232,21,55,8,92,31,1882
208031190,3,8,0,587,13,4,0,11,3,9,0,0,0,6,37,82,0,0,0,0,0,0,0,0,0,0,6,8,426,67,11,533,81,202,17,63,14,97,42,1555
208031191,0,5,0,377,15,0,0,8,4,3,3,0,0,3,27,71,0,0,0,0,0,4,0,0,0,0,10,13,361,49,4,422,70,188,19,56,9,60,32,1263
208031192,0,0,0,0,0,0,0,0,0,0,0,0,0,0,0,0,0,0,0,0,0,0,0,0,0,0,0,0,0,0,0,0,0,0,0,0,0,0,0,0
208031193,6,11,0,1203,43,0,0,30,4,10,0,0,0,13,54,163,8,0,0,0,3,0,0,0,0,0,3,15,838,108,24,1010,143,375,46,99,23,129,61,2863
208041194,11,24,0,1425,26,0,4,40,7,16,0,7,0,4,69,176,6,0,3,8,3,0,0,0,0,0,6,26,641,83,21,737,103,415,17,108,18,117,73,2333
208041195,6,23,0,1635,33,5,0,40,9,12,0,5,3,14,54,161,0,0,6,0,0,4,0,0,0,6,5,15,793,123,27,905,125,476,24,100,15,145,53,2797
209011196,0,3,0,247,7,3,4,12,6,0,0,5,0,6,25,69,0,0,0,0,0,0,0,0,0,0,0,12,258,75,17,419,59,174,21,74,16,131,27,1267
209011197,4,19,0,860,21,13,0,38,3,8,3,6,4,9,44,160,4,0,0,0,0,0,0,0,0,0,8,10,667,139,25,1076,146,434,39,122,31,182,62,2924
209011198,3,14,0,862,13,6,0,19,4,3,0,6,0,7,42,97,0,0,0,0,5,0,0,0,4,0,0,10,546,91,17,722,103,281,23,83,20,110,45,2035
209011199,0,4,0,281,6,0,0,6,0,4,0,6,0,7,45,80,0,0,0,0,0,0,0,0,0,3,14,19,272,93,12,389,70,248,33,97,27,139,58,1439
209011200,3,9,0,801,13,0,0,13,0,9,0,4,0,10,37,82,0,0,0,4,0,0,0,0,0,0,3,7,428,80,7,514,74,241,12,77,15,105,42,1580
209011201,0,21,5,675,16,3,0,16,4,11,0,0,0,3,23,83,0,0,0,7,0,0,0,0,0,0,3,9,330,50,12,367,42,170,7,45,7,83,36,1144
209011202,6,8,0,744,20,0,3,22,0,13,0,0,4,8,37,112,0,0,0,0,3,3,0,0,0,0,3,14,503,110,13,847,123,284,30,94,14,123,43,2181
209011203,0,3,0,791,27,3,0,21,8,8,4,4,0,15,64,153,4,0,0,0,0,0,0,0,0,5,4,11,662,114,17,946,136,374,37,110,23,177,73,2670
209011204,5,5,0,281,5,0,0,8,0,7,0,0,3,7,27,67,0,0,0,0,0,0,0,0,0,0,0,10,246,54,12,431,80,162,22,50,10,95,36,1212
209021205,3,6,0,346,10,4,0,8,0,4,0,3,0,0,23,62,0,0,0,0,0,0,0,0,0,0,4,6,270,59,11,337,43,210,18,82,14,113,30,1191
209021428,6,11,0,508,11,0,5,13,0,8,3,6,0,16,24,86,0,0,0,3,0,0,0,0,0,5,0,14,445,133,22,589,93,314,36,123,29,210,32,2026
209021429,3,6,0,487,7,0,0,13,0,5,4,10,0,17,33,86,0,0,3,0,0,0,0,0,0,6,5,14,343,102,14,483,78,234,39,91,22,161,41,1592
209021523,0,4,0,177,3,4,0,5,0,8,4,0,0,7,35,78,0,0,0,0,0,0,0,0,0,0,8,13,251,87,15,404,65,281,21,100,23,172,50,1465
209021524,0,14,0,164,4,0,4,7,3,0,0,4,3,17,23,74,0,0,0,0,0,0,0,0,0,3,12,14,175,51,17,289,56,201,17,74,28,213,43,1172
209021525,0,4,0,222,4,3,3,9,3,0,0,4,0,12,28,68,0,5,0,5,0,0,0,0,0,0,4,13,215,74,17,352,64,204,17,92,22,173,35,1276
209021526,0,11,0,305,5,5,0,6,6,4,0,0,7,4,39,69,0,0,0,4,0,0,0,0,0,3,3,12,337,111,16,468,90,250,25,105,26,150,48,1635
209031209,10,15,0,1448,35,11,0,42,5,24,0,11,4,11,65,215,9,0,4,4,0,0,0,0,0,0,9,27,924,185,27,1308,174,525,50,153,27,170,72,3621
209031210,0,3,0,115,4,0,0,16,0,4,0,0,0,0,10,42,0,0,0,0,0,0,0,0,0,0,0,3,117,36,5,190,27,76,14,21,3,34,11,530
209031211,0,0,0,68,6,6,0,13,8,10,0,5,0,3,14,62,4,0,0,0,0,0,0,0,0,0,0,6,116,30,15,157,25,71,10,25,12,46,20,525
209031212,3,4,0,200,16,0,0,15,0,5,4,6,4,6,13,75,0,0,0,0,0,0,0,0,0,0,0,7,154,47,9,216,25,99,15,39,15,39,25,689
209031213,0,14,0,570,25,4,0,19,3,5,0,3,0,5,30,101,3,0,0,5,0,0,0,0,0,4,8,19,416,81,8,520,56,217,12,62,22,86,39,1527
209031214,8,6,0,468,10,4,0,23,4,7,0,6,4,8,21,83,0,0,0,0,0,0,0,0,0,0,0,7,261,62,10,399,35,152,15,67,14,44,23,1080
209031215,6,5,0,701,24,0,0,29,8,15,3,8,0,7,50,146,3,0,4,3,0,0,0,0,0,4,4,16,544,96,24,895,124,320,33,70,12,96,59,2267
209041216,4,0,0,227,6,5,0,10,0,5,0,3,0,4,23,57,0,0,0,0,0,0,0,0,0,0,4,11,232,51,6,308,40,145,8,56,14,78,28,960
209041217,0,6,0,80,4,0,0,5,0,3,0,0,0,6,17,39,0,0,0,0,0,0,0,0,0,0,5,6,105,42,9,174,26,107,12,61,11,88,24,649
209041220,3,8,0,435,17,5,5,19,7,18,0,3,3,20,65,154,3,0,0,0,0,0,5,0,0,4,14,25,515,113,23,651,100,462,35,174,54,303,82,2505
209041221,0,3,0,210,5,4,3,11,7,3,4,4,4,13,33,93,0,0,0,0,0,0,0,0,0,0,7,13,267,67,15,377,60,307,26,122,24,221,41,1522
209041223,0,15,0,156,10,0,0,9,3,11,3,11,0,31,42,132,0,0,0,3,0,0,0,3,3,7,19,29,310,108,15,392,72,448,28,236,42,595,66,2323
209041224,5,3,0,404,44,5,0,35,3,27,3,0,7,14,103,241,0,0,0,3,0,0,0,0,3,0,13,36,759,118,31,972,183,648,48,163,57,206,124,3310
209041225,0,7,0,197,10,0,0,19,5,11,4,3,3,6,23,90,5,0,4,4,0,3,0,0,0,5,3,23,300,55,17,425,77,264,26,67,24,88,37,1384
209041431,0,5,0,166,10,0,0,4,5,14,4,6,6,17,48,107,0,0,0,0,0,0,0,0,0,0,9,11,306,85,13,392,77,379,36,139,29,265,57,1781
209041432,0,4,0,70,6,0,0,4,0,9,0,4,0,12,15,58,0,0,0,0,0,0,0,0,0,5,6,12,154,43,4,189,30,214,14,92,21,150,28,933
209041433,0,0,0,206,5,0,3,10,5,12,0,0,7,7,53,94,0,0,0,5,0,0,0,0,0,0,3,9,405,96,13,487,83,390,22,132,41,184,68,1916
209041435,0,0,0,351,13,0,4,10,4,5,3,4,8,6,43,95,5,0,0,0,4,0,0,0,0,0,11,16,543,99,24,680,96,365,38,92,28,138,54,2158
209041436,0,4,0,271,9,0,0,20,0,11,0,3,0,10,37,93,0,0,0,3,0,0,0,0,0,0,10,15,391,79,12,550,82,330,25,99,17,153,52,1797
209041437,0,10,4,307,13,5,4,8,3,11,0,4,5,10,98,154,0,0,0,0,0,3,0,0,0,0,31,45,873,226,37,987,180,842,51,287,73,392,152,4107
209041527,0,5,0,501,25,4,3,22,0,11,4,3,0,3,57,138,3,0,0,3,6,7,0,0,0,0,5,21,651,103,29,934,149,426,38,82,37,115,71,2628
209041528,3,3,0,192,16,3,0,10,3,7,6,3,0,5,32,89,0,0,0,3,0,0,0,0,0,0,3,16,362,74,9,558,104,289,26,66,23,70,46,1628
209041529,0,10,0,62,5,0,0,4,0,0,0,0,3,11,21,48,0,0,0,0,0,0,0,0,5,6,10,21,159,61,10,175,23,216,15,92,29,314,33,1128
209041530,0,7,0,155,11,0,0,6,0,9,0,7,7,20,44,107,0,0,4,0,0,0,0,0,0,0,13,19,274,102,11,378,58,329,17,150,34,367,65,1783
209041531,5,0,0,211,12,0,0,10,4,6,0,0,0,3,38,80,0,0,0,0,0,0,0,0,0,0,8,13,438,79,16,494,74,324,31,85,30,103,50,1726
209041532,0,0,0,233,12,5,0,9,3,9,0,0,0,4,52,98,0,0,0,0,0,0,0,0,0,0,13,13,438,98,11,607,107,363,27,94,28,105,68,1957
210011226,4,6,0,235,5,3,0,0,4,4,0,0,0,4,14,51,0,0,0,0,0,0,0,0,0,5,4,13,205,46,6,325,64,153,16,37,20,91,24,985
210011227,0,0,0,0,0,0,0,0,0,0,0,0,0,0,0,0,0,0,0,0,0,0,0,0,0,0,0,0,0,0,0,0,0,0,0,0,0,0,0,0
210011228,0,4,0,343,13,4,0,11,0,3,0,6,0,9,19,67,0,0,0,0,0,0,0,0,0,3,4,12,296,44,11,379,66,166,19,59,8,115,23,1186
210011230,3,6,0,409,4,0,0,5,0,3,0,6,0,4,12,36,0,0,4,0,0,0,0,0,0,0,7,15,303,44,7,346,60,152,11,41,8,63,20,1052
210011231,4,13,4,686,6,9,0,14,5,6,0,5,0,7,32,82,0,0,0,3,0,0,0,0,0,0,3,17,444,72,18,538,57,205,23,64,18,92,38,1564
210011533,3,12,5,401,13,0,4,6,0,9,0,4,5,16,29,86,0,0,0,0,0,0,0,0,0,0,4,11,354,63,12,423,74,240,23,94,21,240,35,1577
210011534,0,16,0,566,22,0,0,11,5,5,4,7,4,11,39,106,3,0,3,10,0,0,0,0,0,5,14,31,499,101,15,623,101,327,32,101,25,203,57,2071
210021232,6,8,0,666,16,0,0,35,3,15,0,8,0,14,66,156,0,0,0,3,0,0,0,0,6,0,0,12,541,92,11,768,92,275,35,73,27,83,69,2062
210021233,0,0,0,182,13,0,0,10,0,5,0,0,0,3,8,46,0,0,0,0,0,0,0,0,0,0,0,5,126,31,10,145,38,52,10,23,4,20,15,474
210021234,0,0,0,150,6,0,0,8,3,7,0,0,0,4,14,41,0,0,0,0,0,0,0,0,0,0,5,3,143,25,10,251,32,79,17,18,0,31,17,630
210021235,0,5,0,269,16,0,5,21,5,11,0,0,0,10,51,120,0,0,7,3,0,0,0,0,0,0,0,10,308,66,19,472,85,214,29,58,24,80,58,1411
210031236,0,5,0,273,7,0,3,13,0,4,0,0,0,6,19,49,0,0,0,0,0,0,0,0,0,3,5,6,212,63,13,321,60,154,25,57,9,93,20,1028
210031237,0,6,0,188,0,3,5,5,5,7,0,11,6,11,31,93,0,0,0,0,0,0,0,0,0,3,9,18,204,83,9,342,64,421,26,212,49,264,56,1733
210031439,0,0,0,137,3,0,0,0,0,0,0,4,0,3,15,25,0,0,0,0,0,0,0,0,0,0,3,4,125,16,4,160,16,77,3,28,4,16,19,458
210031440,0,10,0,112,6,0,0,3,0,5,0,0,0,9,15,37,0,0,4,0,0,0,0,0,0,0,0,12,114,36,9,168,42,143,13,74,12,122,19,761
210031535,0,4,0,190,5,0,0,5,0,9,0,10,0,14,48,93,0,0,0,0,0,0,0,0,4,5,16,24,220,85,12,342,79,328,22,162,31,252,72,1605
210031536,0,4,0,153,3,0,0,3,0,10,0,5,0,8,17,44,0,0,0,0,0,0,0,0,0,0,3,10,186,43,6,241,57,191,11,59,11,102,25,941
210031537,0,0,0,274,11,3,0,4,0,5,0,3,0,0,17,39,3,0,0,0,0,0,0,0,0,0,0,8,244,51,8,276,56,183,16,52,6,53,20,960
210031538,0,3,0,576,8,4,0,8,0,11,3,5,0,7,40,80,3,0,3,0,0,0,0,0,3,0,8,20,475,92,32,661,133,354,36,122,28,162,53,2144
210041240,4,8,0,444,22,0,0,25,3,9,5,3,0,7,44,127,0,0,0,3,0,0,0,0,0,0,8,15,455,65,17,661,93,312,28,85,30,129,54,1928
210041539,0,0,0,69,5,0,0,5,0,3,0,0,0,0,16,26,0,0,0,3,0,0,0,0,0,0,6,12,151,25,6,237,49,130,20,23,7,38,19,708
210041540,4,4,0,323,23,4,0,23,9,5,0,4,0,5,45,118,6,0,0,4,3,0,0,0,0,4,4,14,431,73,15,598,117,311,33,77,20,114,50,1839
210041541,0,5,0,252,16,6,4,15,8,14,0,5,0,9,39,101,3,0,0,0,0,0,0,0,0,0,4,12,341,62,19,513,89,254,29,57,23,94,43,1522
210051242,3,9,0,66,5,0,0,0,0,7,0,0,7,22,27,69,0,0,0,0,0,0,0,0,0,11,7,27,85,71,8,171,21,271,25,214,43,459,44,1406
210051243,0,18,0,84,4,0,0,7,3,10,4,9,7,42,39,125,0,0,3,0,0,0,0,0,0,8,24,39,115,58,14,181,27,400,10,248,66,724,75,1918
210051245,0,15,0,358,10,5,0,17,6,6,8,6,7,25,52,143,0,0,0,3,0,3,0,3,3,5,8,29,395,84,21,659,100,384,33,165,43,345,75,2296
210051246,7,35,0,737,26,3,4,35,13,18,7,4,9,24,89,222,0,0,0,4,0,5,4,0,0,6,16,35,739,151,33,933,162,709,59,263,64,438,115,3662
210051247,0,18,0,87,10,3,4,8,0,7,0,9,10,32,51,124,4,0,7,0,0,0,0,0,0,7,27,41,129,68,15,174,24,420,16,255,71,669,92,1932
210051248,0,0,0,4,0,0,0,0,0,0,0,0,0,0,0,3,0,0,0,0,0,0,0,0,0,0,0,0,3,0,0,0,0,0,0,0,0,0,0,7
210051250,0,4,0,74,4,3,0,3,0,0,0,0,0,11,13,35,0,0,0,0,0,0,0,0,0,0,6,6,117,28,9,162,45,122,13,54,18,117,20,702
210051441,3,6,0,70,4,0,0,3,0,12,0,0,4,9,27,67,0,0,0,0,0,0,0,0,0,0,3,8,189,58,7,223,26,247,10,92,27,183,37,1094
210051442,0,4,0,247,9,0,0,14,0,9,0,0,6,11,51,107,0,0,5,0,0,0,0,0,0,0,9,22,424,89,19,492,58,407,20,152,35,245,77,2018
210051443,0,12,0,325,24,4,3,15,3,9,5,10,12,22,87,187,3,0,0,0,0,3,0,0,3,4,28,40,623,157,29,708,104,668,39,320,79,551,126,3399
210051445,0,3,0,288,15,0,6,11,0,10,4,8,5,17,109,183,0,0,3,0,0,0,3,0,0,0,15,29,737,153,38,893,185,901,47,305,94,369,143,3851
210051542,0,5,0,107,4,0,3,3,0,8,0,0,0,8,46,72,0,0,0,0,0,0,0,0,0,3,11,20,302,70,14,379,76,373,20,149,35,249,68,1720
210051543,0,8,0,142,14,0,0,12,6,9,3,4,3,17,35,95,0,0,0,4,0,0,0,0,0,5,17,21,373,83,8,410,73,426,16,206,40,382,56,2067
210051544,0,12,0,137,6,4,0,13,0,13,0,7,8,21,41,106,0,0,0,0,0,0,0,0,0,9,6,21,197,59,9,218,30,299,12,146,27,363,55,1412
210051545,0,15,0,144,4,6,3,3,3,4,0,6,5,32,65,139,3,0,0,3,0,0,0,0,5,9,24,52,268,71,12,288,36,415,23,320,57,737,102,2334
211011251,5,9,0,175,3,5,0,13,0,4,0,8,3,10,31,83,0,0,0,0,0,0,0,0,0,5,4,5,309,71,10,445,61,262,28,82,17,126,41,1450
211011254,6,10,0,491,19,6,5,18,0,14,0,8,0,14,45,132,3,0,4,3,0,0,0,0,0,0,3,12,659,127,27,721,82,430,22,124,21,203,52,2463
211011255,4,7,0,410,8,3,0,12,0,5,0,3,0,3,15,59,3,0,6,0,0,7,0,0,0,0,0,11,317,42,6,411,41,174,14,39,7,58,17,1134
211011256,0,10,0,511,23,7,0,18,4,11,0,3,0,11,47,131,0,0,0,0,0,0,0,0,0,0,3,12,611,100,23,687,87,400,32,131,18,188,55,2333
211011257,0,3,0,381,15,5,0,10,0,7,0,3,0,0,16,62,0,0,0,0,0,0,0,0,0,0,3,6,375,59,7,441,43,199,13,57,11,61,26,1293
211011258,0,0,0,460,22,6,0,29,3,6,0,5,5,8,30,114,0,0,5,6,0,0,0,0,0,0,0,6,472,81,22,538,66,264,20,72,18,85,34,1678
211011259,0,8,0,433,19,4,0,15,6,9,0,0,0,11,38,101,0,3,0,0,0,0,0,0,3,0,7,15,475,127,18,620,73,340,16,114,23,197,42,2054
211011260,3,19,0,665,21,3,4,23,4,22,0,3,5,14,51,141,0,0,0,3,0,0,0,3,0,0,0,12,641,148,18,721,79,437,23,142,41,232,55,2528
211011446,5,3,0,335,12,9,4,25,5,14,5,9,6,9,50,145,4,0,4,3,0,0,0,0,0,6,10,20,530,129,32,933,142,422,45,147,44,190,67,2670
211011447,0,3,0,258,9,0,0,24,4,5,4,6,0,11,49,116,0,0,0,0,0,0,0,0,0,0,4,11,377,78,20,555,78,245,25,86,28,116,61,1667
211011448,0,4,0,372,16,5,5,20,9,11,0,4,5,7,43,123,0,0,0,4,0,0,0,0,0,0,4,11,453,95,25,760,107,330,41,103,22,148,52,2133
211011449,0,0,0,118,10,0,5,7,0,5,0,0,0,3,14,42,0,0,0,0,0,0,0,0,0,0,0,6,132,31,10,223,29,92,13,27,4,29,13,607
211021261,3,28,0,1037,25,11,0,29,3,18,0,5,0,12,68,177,0,0,0,3,0,0,0,0,0,0,7,23,607,146,16,757,68,392,27,141,23,188,81,2447
211021262,5,20,0,711,23,0,0,27,0,17,0,14,0,9,24,123,0,0,0,4,0,0,0,0,0,0,0,7,403,87,11,543,52,237,13,97,10,83,36,1568
211031263,0,5,0,270,19,4,5,25,0,8,0,3,0,3,35,103,0,0,0,0,0,3,0,0,0,0,9,11,341,76,10,598,97,254,26,63,17,87,40,1609
211031265,5,13,0,881,32,3,5,40,4,11,0,7,3,9,58,191,0,0,0,3,0,0,0,0,0,5,8,16,672,116,28,1105,123,386,47,95,17,135,72,2792
211031266,6,7,0,443,17,7,5,23,5,12,0,4,3,10,50,125,5,0,0,3,0,0,0,0,0,0,10,15,475,114,20,682,109,379,22,109,36,174,66,2187
211031267,0,7,0,794,23,0,4,25,7,15,0,0,5,10,53,131,6,0,8,10,4,0,0,0,5,0,0,18,661,144,28,1012,144,453,30,122,21,199,64,2884
211031268,3,5,0,488,17,4,0,9,3,8,0,3,0,0,25,73,0,0,0,4,0,0,0,0,0,0,0,7,358,64,6,566,62,191,16,51,12,66,32,1435
211031450,3,3,0,263,14,5,0,17,4,6,0,0,0,3,25,75,0,0,4,0,0,0,0,0,0,0,3,10,335,94,17,606,94,347,19,81,30,128,31,1789
211031451,0,4,0,452,15,0,0,20,0,11,0,5,3,6,34,98,0,0,0,4,0,0,0,0,0,0,4,15,433,78,26,568,88,276,29,83,18,104,39,1737
211031452,0,0,0,128,7,0,0,12,6,4,0,0,0,0,11,32,3,0,0,0,0,0,0,0,0,0,8,8,146,35,3,245,41,118,11,21,7,29,22,660
211041269,0,6,0,357,7,3,0,12,0,3,0,4,6,8,39,70,6,0,0,0,0,0,0,0,0,0,4,4,339,77,12,409,44,217,20,98,23,121,42,1398
211041270,0,7,3,727,13,0,0,13,3,7,0,4,4,10,37,93,3,0,0,0,0,0,0,0,3,0,0,8,584,105,19,743,115,373,22,117,19,137,45,2290
211041271,0,0,0,477,13,3,0,15,3,4,0,3,7,6,29,85,0,0,0,0,0,0,0,0,0,0,0,7,397,77,10,554,65,244,23,82,17,108,39,1606
211041272,0,0,0,459,12,4,5,20,0,8,6,3,3,7,36,101,0,0,0,0,0,0,0,0,0,0,3,11,463,90,13,552,56,255,25,71,15,90,51,1675
211041273,7,17,0,483,17,4,0,12,0,9,0,0,0,7,52,108,0,0,0,0,0,0,0,0,0,0,3,6,407,92,12,458,55,270,15,108,13,193,60,1674
211051274,5,3,0,382,22,4,0,19,3,12,0,4,0,3,17,92,4,0,0,0,0,0,0,0,0,0,7,8,314,117,15,496,76,202,29,60,16,85,21,1438
211051275,3,6,0,349,20,6,0,23,3,9,3,0,3,0,41,108,0,0,3,3,0,4,0,0,0,0,4,11,375,72,16,620,107,232,28,70,18,84,45,1672
211051276,0,3,0,272,17,3,3,17,6,13,0,4,3,10,45,126,3,0,0,7,0,3,0,0,0,0,3,18,312,104,22,602,83,220,34,68,19,110,48,1622
211051277,0,0,0,155,9,3,0,11,9,8,0,6,0,5,31,77,0,0,0,0,0,6,0,0,0,0,4,9,243,42,14,404,82,197,19,38,11,73,37,1165
211051278,0,10,0,462,35,8,0,44,0,24,4,10,0,6,58,183,0,0,0,4,0,0,0,0,0,0,3,16,513,102,30,935,124,431,35,97,22,135,66,2489
211051279,0,0,0,166,16,0,0,13,0,5,3,0,0,3,14,57,0,0,0,0,0,0,0,0,0,0,4,8,158,51,10,283,28,117,15,36,13,42,25,778
211051280,0,10,0,216,8,0,0,11,0,4,0,0,0,3,17,58,0,0,4,0,0,0,0,0,0,0,3,7,227,43,11,399,48,116,12,45,9,64,25,1012
211051281,0,8,0,574,30,6,0,38,5,19,0,0,12,12,79,206,0,0,0,3,0,0,0,0,0,0,5,20,698,123,25,1126,169,518,42,148,38,188,91,3163
211051282,4,6,0,359,21,6,5,14,7,3,0,0,0,10,26,94,0,0,4,0,0,0,0,0,0,0,3,9,280,80,11,439,74,178,22,59,18,87,31,1277
211051283,4,0,0,229,11,6,3,17,0,8,7,9,0,4,35,94,0,0,0,3,0,0,0,0,0,0,4,8,257,66,14,585,84,203,25,65,25,63,43,1439
211051284,0,6,0,299,7,0,0,26,3,6,5,8,0,8,27,93,0,0,6,0,0,0,0,0,0,0,5,13,297,65,10,532,81,205,32,57,14,75,26,1399
211051285,0,3,0,201,21,0,0,18,0,10,0,0,0,3,26,85,0,0,0,4,0,0,0,0,4,0,8,13,236,56,13,470,61,153,15,47,16,48,32,1145
211051286,3,5,0,179,18,5,6,28,3,11,4,13,3,13,43,147,3,0,3,7,0,0,0,0,0,0,9,34,305,116,37,655,115,306,39,89,32,118,60,1874
212011289,3,6,0,573,37,11,0,59,8,14,0,13,3,11,47,212,7,0,7,5,0,3,0,0,0,3,5,27,620,136,46,984,131,366,44,113,29,140,65,2662
212011546,0,10,3,618,31,8,0,31,6,5,3,9,4,9,74,182,0,0,0,4,0,0,0,0,0,3,9,26,887,152,25,1179,206,621,56,149,49,157,96,3577
212011547,0,5,0,215,26,3,0,31,0,12,4,5,0,5,28,111,0,0,4,3,0,4,0,0,0,0,0,17,306,64,24,490,61,171,19,49,15,53,32,1283
212011548,0,4,0,117,15,8,7,13,0,6,3,3,3,0,30,79,6,0,0,0,0,0,0,0,0,3,7,21,273,63,17,455,76,224,27,49,25,51,42,1306
212011549,0,3,0,134,15,0,0,17,4,9,0,0,4,4,48,101,0,0,0,0,0,0,0,0,0,0,11,11,360,68,8,587,125,400,37,109,23,129,69,1912
212011550,0,0,0,120,10,0,0,7,0,5,0,8,0,0,28,57,0,0,0,0,0,0,0,0,0,0,3,14,251,39,7,331,49,231,15,42,20,51,33,1063
212011551,0,0,0,39,5,0,0,9,0,4,0,3,0,0,15,30,0,0,0,0,0,0,0,0,0,0,3,3,98,26,6,156,23,172,8,36,6,55,22,607
212011552,0,0,0,338,29,5,3,37,8,26,0,5,6,21,87,223,5,0,4,4,0,0,0,0,0,3,22,38,797,189,43,1068,185,771,44,173,49,223,128,3674
212021293,4,7,0,839,45,6,5,51,3,10,0,3,6,11,69,217,0,0,3,4,0,0,0,0,0,3,12,22,802,118,25,1043,121,503,29,133,37,173,88,3063
212021295,0,0,0,53,5,0,0,3,4,10,0,6,3,13,35,79,0,0,0,0,0,0,0,0,0,3,9,15,145,54,9,165,23,352,7,158,36,248,51,1251
212021297,0,14,0,95,7,0,0,8,3,11,4,8,0,15,46,110,0,0,0,0,0,0,0,0,0,0,6,15,229,62,17,282,26,305,19,149,40,272,60,1467
212021299,0,14,0,410,16,5,0,19,3,9,4,3,5,6,27,104,0,0,0,4,0,0,0,0,4,0,0,10,316,70,12,405,49,199,13,70,13,94,27,1271
212021453,4,10,0,245,12,4,4,18,0,17,4,5,3,13,44,124,0,3,0,4,0,0,0,0,0,0,8,14,353,74,8,424,46,326,26,139,29,235,50,1725
212021454,0,13,0,256,16,7,4,15,0,5,0,9,5,17,44,120,3,0,0,5,0,0,0,0,0,0,12,21,388,91,16,467,57,363,23,155,31,294,55,1933
212021455,0,8,0,267,18,4,7,23,0,14,4,10,0,8,39,123,3,0,0,0,0,0,0,0,0,3,19,27,445,92,20,549,89,383,23,115,30,174,58,1978
212021456,0,5,0,146,7,0,0,6,5,14,0,9,7,15,57,119,0,0,5,0,3,0,0,0,3,0,10,16,361,77,15,419,97,412,30,150,30,220,76,1872
212021553,0,4,0,677,24,3,7,28,6,10,0,0,0,5,72,162,6,0,3,0,0,5,0,0,0,3,6,14,897,129,28,940,111,505,34,112,32,124,81,2991
212021554,0,0,0,272,14,0,0,8,0,8,0,5,6,0,39,83,0,0,3,0,0,0,0,0,0,0,0,4,457,95,17,593,90,349,15,104,17,93,45,1881
212031300,4,9,0,155,22,0,4,19,3,15,6,9,5,9,78,177,0,0,3,3,3,0,0,3,0,7,15,34,461,107,20,582,87,547,37,195,56,272,101,2462
212031303,3,3,0,388,23,5,6,19,3,7,0,3,3,11,70,152,0,0,4,4,0,0,0,0,4,0,10,26,669,106,39,902,176,424,30,115,35,113,90,2693
212031304,3,3,0,231,21,0,0,17,5,13,0,7,3,9,82,159,0,0,0,0,0,0,0,0,0,0,9,17,735,173,42,871,158,667,33,218,45,211,100,3260
212031306,0,7,0,442,20,0,4,20,0,13,0,3,5,16,78,163,4,0,0,3,0,0,0,0,0,0,20,32,907,133,21,816,108,589,41,170,44,206,107,3150
212031308,0,0,0,158,13,0,5,18,3,9,0,5,0,3,30,86,0,0,0,0,0,0,0,0,3,0,5,14,225,50,16,405,49,172,18,38,14,60,32,1082
212031457,0,9,0,443,32,8,0,16,0,15,4,3,0,17,49,152,0,0,0,5,4,3,0,0,0,0,3,20,534,98,16,659,81,391,28,121,33,177,59,2206
212031458,7,18,0,271,26,5,4,27,5,11,5,7,6,17,60,163,0,0,0,0,0,0,0,0,3,0,6,16,529,111,20,617,86,582,24,180,54,293,73,2570
212031555,4,0,0,289,9,0,5,7,0,8,3,0,0,5,51,88,0,0,0,4,0,0,0,0,0,0,4,9,574,107,20,553,96,354,31,74,9,82,60,1966
212031556,0,3,0,217,11,0,6,6,3,13,0,4,6,4,77,123,0,0,0,5,0,0,0,0,0,0,10,24,620,170,29,732,160,503,49,133,43,117,96,2644
212031557,0,6,0,275,18,4,8,25,4,28,0,13,4,11,130,237,0,3,4,0,0,0,0,0,0,4,26,32,860,199,28,1038,153,771,43,225,41,215,160,3730
212031558,0,3,0,114,12,0,0,11,5,12,0,3,3,0,55,98,0,0,3,0,0,0,0,0,0,0,5,11,426,102,24,536,110,380,23,115,35,98,75,1917
212031559,0,7,0,256,17,3,0,7,0,11,0,0,4,8,52,109,0,0,0,0,0,0,0,0,5,0,5,14,572,115,18,573,81,445,30,131,30,152,68,2212
212031560,0,5,0,133,15,4,0,8,4,17,0,5,0,7,43,104,0,0,0,4,0,0,0,0,0,0,6,12,330,73,12,409,60,359,23,143,32,155,48,1634
212031561,0,6,0,117,15,0,0,8,0,14,0,9,4,10,41,110,0,0,0,0,0,6,0,0,4,8,11,18,322,64,7,317,53,484,19,172,34,255,62,1787
212031562,5,5,0,103,7,0,0,9,4,15,0,7,4,8,50,108,0,0,0,0,0,3,0,0,0,0,11,14,301,78,9,318,49,444,13,177,45,292,74,1800
212041309,3,20,0,316,10,0,0,4,0,12,3,4,3,12,30,89,3,0,0,0,0,0,0,0,0,0,5,14,370,88,17,354,72,236,20,108,31,247,40,1582
212041310,0,9,0,184,13,4,0,8,4,7,0,6,3,10,40,84,5,0,0,0,0,0,0,0,0,0,7,13,321,57,10,321,61,291,23,126,25,245,53,1539
212041312,0,17,0,239,13,7,8,5,0,20,0,11,7,27,73,171,0,0,0,0,0,0,0,0,0,4,21,36,529,150,34,586,88,568,16,236,38,472,113,2834
212041313,3,3,0,390,10,6,0,17,4,5,3,0,3,0,26,80,0,0,0,4,0,0,0,0,0,0,4,12,374,74,13,541,67,197,21,68,24,114,30,1534
212041316,0,5,0,65,4,0,0,3,0,8,0,6,0,17,28,61,0,0,0,0,0,0,0,0,0,0,6,6,160,44,6,220,28,202,12,79,8,155,31,955
212041317,4,14,0,168,11,5,4,5,5,8,0,8,4,28,65,147,0,0,0,0,0,0,0,5,0,3,12,24,398,133,19,375,61,514,30,237,41,541,97,2445
212041318,0,11,0,126,3,3,0,6,3,11,0,8,6,10,56,113,0,0,0,0,0,0,0,0,0,0,13,16,355,76,4,236,35,304,5,140,31,314,74,1585
212041459,0,0,0,75,3,0,4,4,6,5,0,5,0,4,37,64,0,0,0,0,0,0,0,0,0,6,6,18,213,84,9,264,49,324,19,125,17,165,54,1322
212041460,0,7,0,126,13,4,10,7,3,10,6,4,4,7,59,126,0,0,0,0,0,4,0,0,0,0,15,21,398,116,17,354,54,490,25,220,43,407,87,2214
212041563,0,10,0,84,15,0,4,4,0,10,0,4,6,19,45,112,0,0,0,0,0,0,0,0,0,3,14,23,246,110,15,295,56,579,21,236,53,445,80,2134
212041564,0,6,0,66,3,0,0,5,0,7,0,0,3,9,36,57,0,0,0,0,0,0,0,0,4,0,15,19,155,27,3,139,21,302,6,110,32,215,50,1072
212041565,0,9,0,150,8,0,4,8,0,13,0,3,0,22,51,112,0,0,0,0,0,0,0,0,0,3,6,11,447,84,15,332,45,402,22,153,29,349,70,1947
212041566,4,9,0,595,24,3,0,14,6,13,0,4,5,4,75,145,4,0,0,0,4,0,0,0,0,0,6,16,867,143,17,663,93,444,36,111,31,158,82,2636
212051319,6,10,0,832,17,5,0,19,7,10,5,9,0,11,56,130,0,0,0,9,0,0,0,0,0,3,11,21,635,91,21,672,147,376,23,136,24,178,70,2369
212051321,7,21,5,943,33,8,3,12,0,17,3,14,0,15,80,185,0,0,0,6,0,4,0,0,0,0,12,20,940,193,24,730,79,531,23,223,32,302,91,3173
212051322,8,29,4,784,16,4,0,19,0,18,0,7,3,7,116,199,3,0,3,3,4,0,0,0,0,4,9,15,845,165,25,638,72,541,17,201,31,310,136,2979
212051323,3,6,0,749,24,7,0,17,3,6,0,3,0,10,90,162,0,0,0,4,0,0,0,0,0,0,8,18,700,124,15,612,63,393,22,132,20,172,102,2361
212051324,6,21,0,937,21,7,0,19,8,9,0,4,5,10,90,176,0,0,0,6,0,0,0,0,0,0,10,19,804,143,19,761,104,462,22,130,32,196,104,2778
212051325,5,20,0,610,26,3,3,18,7,11,0,11,3,21,62,158,4,0,6,0,0,0,0,3,0,5,11,20,744,138,20,697,126,451,49,172,47,264,87,2796
212051326,0,12,0,826,19,3,3,27,3,9,6,9,0,11,57,137,0,0,7,0,0,0,0,0,0,0,9,14,744,149,31,852,143,439,32,142,26,263,67,2882
212051327,0,26,5,884,28,14,4,34,4,17,0,3,0,15,72,194,0,0,0,5,0,0,0,0,0,0,8,16,769,168,22,774,78,412,22,160,36,298,95,2838
212051567,0,0,0,60,3,3,0,0,0,0,0,0,0,5,8,20,0,0,0,0,0,0,0,0,0,0,0,3,79,41,0,109,16,75,8,29,8,53,9,422
212051568,0,4,0,103,4,0,0,3,3,3,0,0,0,6,27,49,0,0,0,0,0,0,0,0,0,0,6,8,196,50,11,226,41,213,17,77,13,130,35,1008
213011328,0,0,0,71,0,0,0,4,0,5,0,0,0,4,20,37,0,0,0,0,0,4,0,0,0,0,5,9,106,38,7,142,33,123,10,76,14,95,20,665
213011329,4,4,0,243,10,4,4,9,4,7,0,0,8,10,43,98,5,0,0,0,0,0,0,0,0,3,6,17,368,64,17,326,59,281,20,125,28,183,55,1529
213011331,0,4,0,93,8,3,3,13,3,5,0,0,0,6,33,78,0,0,0,0,0,0,0,0,0,0,7,11,174,65,15,223,33,213,13,85,18,183,36,1058
213011332,7,20,0,246,12,3,3,3,4,10,0,5,0,15,39,91,0,0,0,0,0,0,0,0,0,4,12,13,281,63,16,390,73,314,20,122,28,283,47,1630
213011333,0,12,0,78,9,0,3,3,0,12,0,10,4,21,50,115,0,0,0,0,0,0,0,0,3,3,10,22,219,69,18,223,40,363,22,196,46,403,69,1677
213011334,0,11,0,107,7,5,3,5,3,19,5,12,5,31,53,133,0,0,0,0,0,0,0,0,0,9,19,21,238,94,12,301,50,468,22,257,50,516,81,2100
213011335,0,14,0,113,5,4,0,6,4,8,0,9,9,16,50,109,0,0,0,0,0,0,0,0,0,4,16,22,220,87,13,273,41,364,22,201,49,441,86,1790
213011336,0,3,0,151,0,0,0,8,3,3,0,5,0,3,30,60,0,0,0,0,0,0,0,0,0,0,0,8,162,53,5,231,56,184,19,83,25,130,38,985
213011337,0,5,0,120,3,6,0,4,0,0,0,3,7,15,23,68,0,0,0,0,0,0,0,0,0,0,6,8,235,73,15,224,37,275,19,162,26,285,36,1381
213011338,0,16,0,191,11,8,5,10,4,15,0,6,9,28,46,136,0,0,0,0,0,0,0,0,0,7,14,28,334,88,22,362,71,437,10,199,39,455,75,2107
213011339,0,3,0,216,9,0,5,16,0,15,3,0,0,7,35,103,0,0,0,3,3,0,0,0,3,0,4,18,332,69,18,377,58,325,21,119,30,170,44,1555
213011340,0,13,0,725,35,9,8,31,3,17,0,11,7,8,50,179,0,0,0,3,0,0,0,0,0,0,10,16,607,120,19,780,102,446,41,164,48,283,62,2670
213011569,0,16,0,158,11,0,3,10,0,12,0,0,5,17,69,133,0,0,0,0,0,0,0,0,0,4,9,20,329,91,26,365,73,515,24,211,54,418,91,2202
213011570,0,3,0,191,4,0,0,6,0,11,0,6,0,5,43,71,0,0,0,0,0,0,0,0,0,0,6,12,381,74,13,318,64,280,13,94,22,100,56,1421
213021341,0,8,0,570,22,0,5,11,0,7,0,0,3,3,36,87,0,0,0,0,0,0,0,0,0,0,6,5,453,74,13,491,93,244,13,69,16,99,38,1613
213021342,7,0,0,308,7,6,4,21,3,9,0,5,4,15,57,131,3,0,3,5,0,0,0,0,0,3,6,28,440,90,23,607,105,394,33,143,44,302,72,2257
213021343,3,8,0,374,8,3,3,7,3,5,0,8,4,11,49,100,0,0,0,0,0,0,0,0,0,0,5,11,319,74,19,433,106,281,19,131,36,239,61,1709
213021344,7,6,4,1196,20,6,5,22,4,13,0,5,3,0,56,139,0,0,0,0,0,0,0,0,0,0,6,10,785,114,23,866,157,358,35,113,35,111,61,2658
213021345,0,0,0,162,5,0,3,4,0,4,0,0,0,3,15,36,0,0,0,4,0,0,0,0,0,0,4,5,217,27,13,193,31,153,14,40,16,56,19,776
213021346,3,18,0,1221,20,4,0,22,0,10,0,14,0,4,45,117,0,0,0,0,0,4,0,0,0,0,3,14,675,90,14,709,86,311,25,72,21,113,53,2176
213031347,0,13,0,333,12,3,0,7,0,13,0,9,3,8,55,103,0,0,0,0,0,0,0,0,0,6,7,18,428,114,25,401,82,354,23,156,34,275,69,1955
213031348,0,3,0,288,10,0,0,3,0,0,4,0,0,5,20,46,0,0,0,0,0,0,0,0,0,0,8,6,238,82,10,294,81,197,25,82,9,130,31,1175
213031349,3,11,0,412,7,6,4,9,0,4,0,0,0,12,36,75,0,0,0,0,0,0,0,0,0,3,7,11,369,73,25,363,51,255,13,84,29,143,45,1446
213031350,0,4,0,511,4,7,0,6,4,5,0,0,0,4,17,44,0,0,0,0,0,0,0,0,0,0,3,0,341,66,12,383,78,127,19,48,9,72,23,1171
213031351,3,0,6,365,5,3,6,10,4,6,6,0,0,4,21,59,0,0,0,0,0,0,0,0,0,0,7,9,290,76,13,409,85,163,17,68,15,105,33,1297
213031352,4,3,0,976,17,5,0,15,5,5,0,3,0,7,39,88,3,0,0,0,0,0,0,0,0,0,5,8,600,89,14,653,123,269,20,64,15,99,45,1992
213041353,5,4,3,577,42,5,3,27,4,20,4,4,3,12,80,210,3,0,6,3,3,0,0,0,0,0,15,32,787,117,41,1015,190,529,40,119,52,157,100,3148
213041358,0,3,0,240,14,4,5,28,4,22,0,10,8,15,70,178,0,0,0,0,6,0,0,0,0,0,11,24,528,100,24,654,125,596,46,207,69,276,90,2713
213041359,0,6,0,293,15,3,4,4,0,9,0,0,4,12,59,117,0,0,0,0,0,0,0,0,0,3,10,19,584,135,42,618,135,518,48,183,39,136,81,2508
213041360,11,11,0,645,22,4,7,18,8,13,4,12,4,16,78,182,3,0,6,9,3,4,0,3,0,0,23,53,884,134,38,1010,137,602,43,210,40,238,106,3453
213041461,0,0,0,139,6,5,0,7,3,3,0,0,3,3,21,57,0,0,0,0,0,0,0,0,0,0,8,11,223,39,9,203,41,180,13,70,11,100,31,924
213041462,3,3,0,182,10,3,0,3,0,7,0,0,3,5,32,66,0,0,0,0,0,0,0,0,0,4,8,9,307,67,15,273,45,219,9,63,15,90,39,1155
213041463,0,7,0,658,26,7,4,24,7,5,0,4,6,6,68,158,9,0,3,6,0,4,0,0,0,0,16,46,845,138,31,881,129,540,38,218,60,248,92,3220
213041571,0,0,0,128,11,0,0,12,8,7,3,0,3,6,32,79,8,0,0,0,0,0,0,0,0,0,10,21,279,64,12,316,44,310,16,114,31,133,49,1352
213041572,0,3,0,103,0,0,0,0,4,0,0,0,0,8,40,63,0,0,0,0,0,0,0,0,0,0,8,5,275,38,8,292,52,304,24,77,28,78,55,1228
213041573,0,0,0,115,6,0,0,0,0,6,0,0,0,0,14,32,0,0,0,0,0,0,0,0,0,0,4,9,159,9,3,177,31,78,9,10,9,13,16,518
213041574,3,9,0,231,11,5,0,4,0,9,3,0,3,3,33,65,0,0,0,0,0,0,0,0,0,0,7,11,443,77,7,459,119,320,21,75,31,110,51,1707
213041575,6,7,0,522,41,8,4,29,5,21,3,4,5,5,52,169,7,0,0,0,0,0,0,0,0,3,15,30,634,108,32,766,106,511,40,146,35,208,78,2658
213041576,0,6,0,149,15,4,8,11,0,8,0,3,0,13,41,101,0,0,0,4,0,0,0,0,0,0,10,19,298,66,14,349,74,289,26,103,22,138,51,1427
213041577,3,0,0,49,3,0,0,8,3,7,0,5,0,10,26,59,0,0,0,0,0,0,0,0,0,0,8,13,98,22,9,111,26,167,7,64,34,135,48,723
213041578,0,3,0,97,9,6,0,5,0,5,0,3,0,6,60,98,0,0,0,0,0,3,0,0,0,0,10,16,291,92,5,330,62,539,14,178,33,264,74,1887
213051361,4,13,0,353,29,0,8,19,6,22,5,7,13,25,62,184,0,3,0,6,0,3,0,0,0,0,14,27,513,119,15,560,89,537,33,193,68,286,80,2493
213051362,0,4,0,239,14,4,4,15,3,19,0,3,5,27,44,135,3,0,0,0,0,0,0,0,0,8,13,17,432,100,20,526,62,513,27,181,54,319,61,2305
213051363,0,5,0,326,7,0,0,7,0,5,0,0,6,7,41,69,0,0,0,0,0,0,0,0,0,0,6,7,367,62,15,333,55,298,18,86,26,136,52,1451
213051368,0,9,0,422,15,0,7,21,4,5,0,0,4,9,50,126,4,0,4,3,0,3,0,0,0,10,12,33,522,91,24,565,100,400,25,110,33,155,73,2094
213051464,3,4,0,849,18,6,0,7,5,17,3,11,5,7,126,203,3,0,0,0,0,0,0,0,0,0,12,21,877,129,24,741,126,722,37,167,37,169,149,3182
213051466,0,10,0,957,21,4,5,4,3,13,3,0,3,10,84,152,0,0,4,0,0,0,0,0,0,0,13,16,1242,115,39,826,149,782,32,134,37,148,104,3613
213051467,0,3,0,203,15,0,0,8,4,9,0,9,0,12,51,116,4,0,5,3,0,0,0,0,0,6,11,23,363,95,10,475,69,508,22,188,41,294,67,2145
213051468,4,8,0,406,19,7,0,23,5,16,4,4,0,10,86,168,0,0,3,0,7,0,0,0,0,5,6,26,733,128,30,785,160,679,42,175,47,183,97,3060
213051579,0,5,0,297,14,0,0,6,0,9,0,0,9,3,51,91,0,0,5,0,0,0,0,0,0,0,13,23,594,58,20,398,70,452,13,77,43,65,77,1865
213051580,0,8,0,475,22,5,0,15,3,12,5,6,0,6,58,131,0,0,0,0,0,3,0,0,0,0,8,9,650,86,20,611,77,454,16,127,24,133,75,2267
213051581,0,0,0,371,7,5,0,5,0,12,0,5,0,9,40,83,0,0,0,0,0,0,0,0,0,0,4,9,515,61,13,395,68,338,12,64,26,68,47,1610
213051582,0,3,0,111,7,0,3,6,3,8,0,0,3,5,50,80,0,0,0,0,0,0,0,0,0,0,8,12,362,88,16,350,92,425,18,156,42,104,64,1715
213051583,6,8,3,555,17,0,13,14,6,16,3,9,7,4,129,229,0,0,0,0,0,0,0,0,3,0,28,42,1230,211,47,1085,164,1045,58,304,76,275,181,4687
213051584,0,5,0,97,7,0,3,3,0,0,0,0,4,0,40,62,0,0,0,0,0,0,0,0,0,0,3,9,310,61,14,245,67,272,13,93,29,61,55,1207
213051585,0,3,0,167,6,0,9,10,0,8,0,4,3,5,45,80,3,0,4,0,0,0,0,0,0,0,10,15,393,83,16,392,64,386,24,158,27,130,57,1741
213051586,0,0,0,161,0,0,4,0,0,9,0,0,0,4,45,66,0,0,0,0,0,0,0,0,0,0,7,9,403,75,23,262,75,278,16,91,26,72,59,1384
213051587,0,0,4,247,5,0,3,9,0,4,0,0,8,5,51,77,0,0,0,0,0,0,0,0,0,0,9,13,486,73,17,379,103,311,30,88,26,84,73,1673
213051588,0,3,0,296,4,0,4,7,3,6,0,8,5,9,98,148,4,0,0,0,0,0,0,0,0,0,27,33,673,129,31,606,105,735,39,276,67,237,133,3040
213051589,0,0,0,109,9,0,0,4,0,3,0,4,0,0,48,76,0,0,0,0,0,0,0,0,0,0,3,11,319,43,10,260,57,320,22,95,17,72,57,1262
213051590,0,7,0,209,8,4,0,6,4,12,0,5,4,8,58,110,3,0,0,0,0,0,0,0,0,3,15,20,432,68,15,436,74,452,18,134,34,174,82,1914
214011370,3,0,0,212,34,0,3,26,0,8,3,4,4,10,81,184,5,0,4,5,0,4,0,0,0,4,4,25,582,110,37,802,153,472,44,129,39,162,87,2617
214011371,0,3,0,290,28,3,0,26,3,10,0,9,4,8,66,147,6,0,4,3,4,0,0,0,0,0,10,26,408,110,19,716,130,304,45,105,29,169,82,2121
214011372,0,6,0,119,12,0,0,7,3,18,0,9,4,17,37,115,0,0,7,5,0,5,0,0,0,0,0,18,259,90,23,482,114,328,33,89,34,208,53,1706
214011373,11,6,0,783,28,4,0,36,3,12,6,8,0,7,60,158,0,0,0,0,0,0,0,0,0,0,4,9,644,137,24,969,127,309,43,84,21,121,68,2539
214011374,0,6,0,666,40,3,8,36,6,18,9,9,0,16,70,217,4,0,0,12,0,0,0,0,0,0,9,32,746,153,46,1323,197,464,59,141,23,168,91,3412
214011375,0,0,0,292,21,4,4,12,3,19,0,0,0,9,41,116,4,0,3,0,4,0,0,0,0,0,6,22,344,90,11,639,146,291,42,68,26,124,46,1825
214011376,0,4,0,389,27,6,7,29,4,11,0,3,0,7,43,130,3,0,0,7,0,0,0,0,0,5,6,17,572,71,26,678,100,329,19,74,16,87,50,2027
214021377,0,4,0,205,15,5,0,23,0,14,3,0,0,11,34,105,0,0,0,0,0,0,0,0,0,0,7,17,230,77,29,420,72,147,26,56,14,87,50,1210
214021378,4,9,0,208,11,4,7,9,5,6,5,3,3,8,13,64,0,0,0,0,0,0,0,0,0,4,0,3,142,41,8,188,17,77,14,32,11,49,21,591
214021379,3,3,0,340,22,8,9,33,4,24,3,9,4,14,78,198,0,0,0,3,4,0,0,0,0,3,4,14,426,114,29,838,158,384,50,110,34,181,86,2406
214021381,3,18,0,1258,43,8,0,42,3,29,3,8,0,10,61,208,6,3,0,0,0,0,0,0,0,4,8,27,726,109,19,1053,128,364,32,101,25,137,72,2765
214021382,11,4,0,786,37,5,4,42,3,13,3,10,3,6,65,194,0,0,0,3,0,0,0,0,0,3,9,16,631,138,27,1051,121,337,35,103,30,92,76,2638
214021383,0,11,3,298,22,7,5,30,11,20,5,11,5,16,52,182,3,0,0,5,0,0,0,0,0,0,3,19,275,127,37,509,97,250,55,113,30,159,59,1710
214021384,4,5,0,214,28,0,6,30,3,4,3,7,0,11,57,147,0,0,0,0,0,0,0,3,0,5,5,18,286,130,30,643,116,222,53,105,33,186,69,1876
214021385,3,3,0,424,22,4,0,30,0,12,4,9,6,14,55,145,9,0,0,7,0,0,0,0,0,0,8,31,503,103,27,905,137,302,34,95,36,137,67,2341
214021591,6,0,0,344,19,0,5,27,0,12,0,10,3,9,45,121,0,0,0,3,0,0,0,0,0,0,5,14,391,84,20,690,91,245,36,70,25,101,52,1802
214021592,0,9,0,272,13,5,0,12,5,9,0,5,0,9,17,69,0,0,0,0,0,0,0,0,0,0,0,3,172,48,14,276,51,118,17,29,12,64,14,822
215011386,0,0,0,53,10,0,0,10,3,4,0,3,0,5,25,63,0,0,0,6,0,0,0,0,0,0,3,6,143,34,4,201,35,83,17,56,9,44,27,653
215011387,0,0,0,31,10,0,0,13,0,0,0,0,0,4,14,44,0,0,0,0,0,0,0,0,0,0,5,6,88,20,4,117,13,37,5,17,3,20,20,335
215011388,0,3,0,181,28,5,4,31,0,11,3,8,0,10,49,147,0,0,0,3,0,0,0,0,0,0,4,12,392,87,16,679,82,199,29,84,17,93,62,1743
215011389,0,0,0,65,12,7,0,11,0,4,0,0,0,0,7,44,5,0,0,0,0,0,0,0,0,0,0,5,109,20,0,162,28,41,4,9,3,11,8,397
215011390,0,0,0,82,10,0,0,14,0,4,0,0,0,4,15,52,0,0,0,3,0,0,0,0,0,0,3,9,115,15,4,251,33,113,0,22,5,61,15,657
215011391,0,0,0,26,10,0,0,7,0,0,0,0,0,3,12,38,0,0,0,0,0,0,0,0,0,0,6,4,78,11,3,93,17,39,4,12,9,26,12,306
215011392,0,0,0,59,14,3,0,8,0,8,0,0,0,7,24,71,0,0,0,3,0,0,0,0,0,0,8,11,161,42,11,228,33,93,14,37,20,57,33,740
215011393,0,0,0,24,14,0,0,9,0,0,0,0,0,0,9,29,0,0,0,0,0,0,0,0,0,0,4,0,59,9,0,95,8,28,3,12,4,9,8,239
215011394,0,0,0,44,3,0,0,18,0,6,0,0,0,5,20,52,0,0,0,0,0,0,0,0,0,0,0,0,95,24,6,203,25,64,10,18,4,60,23,527
215021395,0,0,0,152,20,0,3,13,0,7,0,0,0,3,44,93,6,0,8,0,0,0,0,0,0,0,0,18,280,35,29,331,46,93,9,29,17,54,46,963
215021396,0,0,0,49,13,4,0,10,0,6,0,0,0,7,25,65,0,0,0,0,0,0,0,0,0,5,3,10,121,25,3,163,23,73,16,21,11,48,30,536
215021398,0,0,0,28,10,0,0,3,0,3,3,0,0,0,13,40,3,0,0,0,0,0,0,0,0,0,5,7,99,9,9,120,12,44,10,6,4,22,17,343
215021399,0,0,0,57,13,0,0,9,0,7,0,4,0,6,22,64,3,0,0,0,0,0,0,0,0,3,0,7,143,29,8,218,23,84,7,32,13,79,24,659
215021469,0,6,0,154,18,3,8,16,0,6,0,9,0,10,65,135,0,0,0,0,0,0,0,0,0,3,5,14,340,60,20,388,58,215,25,86,23,190,79,1479
215021470,0,0,0,172,16,5,0,29,5,5,0,3,0,7,71,141,0,0,4,0,0,0,0,0,0,3,6,15,392,90,16,511,67,232,25,81,23,139,90,1681
215031400,0,0,0,63,12,5,0,14,0,3,0,0,0,8,12,62,0,0,0,0,0,0,0,0,0,0,0,4,124,21,9,212,24,80,6,14,6,39,15,554
215031401,0,0,0,58,13,6,0,9,0,5,0,0,0,0,19,62,0,0,0,0,0,0,0,0,0,0,5,14,166,31,7,211,20,79,4,32,3,44,29,626
215031402,0,0,0,27,8,0,0,6,0,0,0,0,0,0,11,28,0,0,0,0,0,0,0,0,0,0,0,6,58,16,9,114,12,59,5,10,6,24,13,320
215031403,0,0,0,26,6,0,0,4,0,3,0,0,4,0,12,31,0,0,0,0,0,0,0,0,0,0,4,4,76,17,4,73,8,69,0,20,9,29,16,323
215031404,0,0,0,132,16,0,0,20,0,5,0,0,0,4,24,73,0,0,0,3,0,0,0,0,0,0,5,7,263,37,11,414,51,154,13,38,9,63,31,1099
215031405,0,0,0,59,10,3,0,21,0,3,0,3,0,4,26,78,0,0,0,4,0,0,0,0,0,0,0,13,159,19,15,222,33,81,12,32,11,44,32,664
216011406,3,4,0,202,29,3,5,21,3,11,3,5,3,14,49,139,0,0,3,0,0,0,3,0,0,0,4,15,352,75,18,546,70,179,23,48,31,88,56,1492
216011407,0,3,0,115,24,4,0,14,3,5,6,3,0,13,37,101,0,0,6,0,0,0,0,0,0,0,3,11,282,41,23,406,48,129,19,56,16,87,46,1164
216011408,0,0,0,44,10,0,4,5,0,6,3,0,3,0,18,48,0,0,0,0,0,0,0,0,0,0,0,7,105,24,7,168,25,52,12,12,4,20,20,449
216011409,0,0,0,37,10,0,0,6,0,0,0,3,0,0,18,39,0,0,0,0,0,0,0,0,0,0,0,4,67,18,4,125,14,59,8,18,3,28,13,365
216011410,0,0,0,19,6,0,0,9,0,0,0,0,0,0,25,44,0,0,0,0,0,0,0,0,0,0,6,7,63,12,5,103,6,48,5,22,5,32,31,334
216021411,0,3,0,43,5,0,0,11,0,3,0,5,0,8,19,58,0,0,0,0,0,0,0,3,0,5,7,8,132,14,7,160,29,52,15,26,4,58,24,529
216021412,0,0,0,25,6,0,0,4,7,4,0,5,0,3,13,28,0,0,0,0,0,0,0,0,0,0,4,8,66,6,3,101,17,43,5,12,5,25,13,296
216021413,0,0,0,111,25,0,0,19,0,9,0,6,0,4,39,104,0,0,0,0,0,0,0,0,0,6,7,19,275,49,18,438,55,167,14,50,18,99,43,1226
216021414,0,5,0,97,15,4,0,17,0,0,0,4,0,4,36,74,0,0,0,0,0,0,0,0,0,0,4,3,167,29,18,279,49,56,7,32,3,62,43,742
216031415,0,0,0,46,7,0,0,11,0,9,0,3,4,6,22,58,0,0,0,0,0,0,0,0,0,0,3,8,132,33,6,211,31,88,9,47,9,68,25,676
216031416,3,3,0,339,32,6,0,26,3,6,0,4,0,5,56,149,4,0,5,4,0,0,0,0,0,5,10,26,552,120,24,714,101,263,31,94,29,154,81,2166
216031418,0,0,0,56,10,4,0,15,0,4,0,0,0,0,14,49,4,0,0,0,0,0,0,0,0,0,3,8,131,20,7,183,14,62,6,17,5,20,21,491
216031419,0,0,0,144,22,3,5,22,0,3,0,8,0,13,29,99,3,0,0,0,0,3,0,0,0,0,3,15,272,41,19,391,55,120,18,51,9,96,33,1125
216031593,0,0,0,207,18,6,0,10,3,6,0,0,5,3,30,84,0,0,0,5,0,0,0,0,0,0,7,11,320,57,15,451,49,163,26,38,8,86,43,1265
216031594,0,8,0,87,13,7,3,12,3,12,0,3,3,21,37,110,0,0,5,5,0,0,0,0,0,9,14,26,245,52,8,358,36,240,13,117,39,333,54,1503
217011420,0,6,0,97,9,3,0,20,0,3,0,0,3,7,32,87,6,0,4,0,0,0,0,0,0,0,5,8,173,41,14,308,22,103,19,23,19,71,32,841
217011421,0,3,0,91,14,4,0,21,0,8,0,0,0,0,34,77,5,0,0,0,0,0,0,0,0,0,0,10,207,58,9,355,57,114,16,45,17,64,39,986
217011422,3,0,0,96,10,3,0,18,0,5,5,0,7,5,48,104,0,0,0,0,0,0,0,4,0,0,3,9,167,59,11,335,46,143,28,56,23,95,49,1005
217011423,0,0,0,92,21,4,0,17,3,0,0,6,0,7,20,86,0,0,0,0,0,0,0,0,0,6,0,6,164,31,13,240,30,88,7,25,3,35,19,655
217031471,0,0,0,27,8,0,0,9,0,0,0,3,0,0,4,26,0,0,0,0,0,0,0,0,0,0,0,4,61,18,6,122,13,35,5,13,6,30,8,305
217031472,0,0,0,119,16,0,4,13,4,8,0,0,0,5,48,98,0,0,0,3,0,0,0,0,0,0,3,8,245,52,10,483,62,155,23,49,14,83,53,1216
217031473,0,0,0,69,15,0,0,9,0,3,0,6,0,0,20,56,3,0,5,0,0,0,0,0,0,4,5,19,151,44,10,262,29,45,12,30,8,31,24,644
217031474,0,0,0,39,11,0,0,12,4,3,0,0,0,5,23,65,0,0,0,0,0,4,0,0,0,0,3,8,115,22,12,177,23,67,9,17,10,23,29,506
217031475,4,0,0,109,19,3,4,16,0,0,0,4,0,6,25,84,0,0,0,0,0,4,0,0,0,0,3,16,219,44,19,240,31,84,13,28,14,31,32,749
217031476,0,0,0,32,7,5,5,3,0,0,0,0,0,4,10,33,0,0,0,0,0,0,0,0,0,0,0,0,61,45,12,73,3,27,7,27,9,20,8,298
217041477,0,0,0,124,22,3,0,18,6,9,0,0,0,5,28,84,3,0,0,0,0,0,0,0,0,0,6,14,187,46,21,281,48,101,14,20,11,35,32,786
217041478,0,0,0,135,22,4,6,30,6,14,0,3,4,0,41,128,0,0,0,5,0,0,0,0,0,0,6,17,227,56,22,436,83,111,21,43,8,50,54,1111
217041479,0,5,0,327,23,8,4,33,4,13,0,11,3,11,71,174,0,0,0,4,0,0,0,0,0,0,4,13,497,123,21,994,132,307,47,97,16,132,81,2454
217041480,0,0,0,221,15,9,4,14,0,6,0,3,0,4,30,81,0,0,0,0,0,0,0,0,0,0,3,7,257,85,16,505,63,143,18,48,14,63,36,1250
297979799,0,0,0,0,0,0,0,0,0,0,0,0,0,0,0,0,0,0,0,0,0,0,0,0,0,0,0,0,0,0,0,0,0,0,0,0,0,0,0,0
299999499,0,0,0,0,0,0,0,0,0,0,0,0,0,0,0,0,0,0,0,0,0,0,0,0,0,0,0,0,0,0,0,0,0,0,0,0,0,0,0,0
