SA2_CODE_2021,POL_Tamil_UOLSE_NWorNAA,POL_Tamil_UOLSE_Tot,POL_Tamil_NS,POL_Tamil_Tot,POL_Thai_SEO,POL_Thai_UOLSE_VWorW,POL_Thai_UOLSE_NWorNAA,POL_Thai_UOLSE_Tot,POL_Thai_NS,POL_Thai_Tot,POL_Turkish_SEO,POL_Turkish_UOLSE_VWorW,POL_Turkish_UOLSE_NWorNAA,POL_Turkish_UOLSE_Tot,POL_Turkish_NS,POL_Turkish_Tot,POL_Vietnamese_SEO,POL_Vietnamese_UOLSE_VWorW,POL_Vietnamese_UOLSE_NWorNAA,POL_Vietnamese_UOLSE_Tot,POL_Vietnamese_NS,POL_Vietnamese_Tot,POL_Oth_SEO,POL_Oth_UOLSE_VWorW,POL_Oth_UOLSE_NWorNAA,POL_Oth_UOLSE_Tot,POL_Oth_NS,POL_Oth_Tot,POL_Tot_SEO,POL_Tot_UOLSE_VWorW,POL_Tot_UOLSE_NWorNAA,POL_Tot_UOLSE_Tot,POL_Tot_NS,POL_Tot_Tot,P_LUatH_NS_SEO,P_LUatH_NS_UOLSE_VWorW,P_LUatH_NS_UOLSE_NWorNAA,P_LUatH_NS_UOLSE_Tot,P_LUatH_NS_NS,P_LUatH_NS_Tot,P_Tot_SEO,P_Tot_UOLSE_VWorW,P_Tot_UOLSE_NWorNAA,P_Tot_UOLSE_Tot,P_Tot_NS,P_Tot_Tot
201011001,0,51,0,57,..,28,3,34,0,34,..,0,0,0,0,0,..,24,3,27,0,27,..,260,18,275,13,285,..,1978,195,2169,28,2200,..,37,5,42,491,530,14103,2015,196,2214,518,16835
201011002,0,12,0,18,..,10,0,15,0,15,..,8,0,8,0,8,..,38,4,37,0,37,..,97,10,112,0,110,..,849,93,940,7,952,..,34,0,39,549,580,10595,888,93,976,553,12131
201011005,0,17,0,17,..,0,4,3,0,3,..,4,0,3,0,3,..,3,0,3,0,3,..,35,8,43,0,41,..,246,11,255,5,257,..,12,0,12,287,295,6702,251,11,262,290,7261
201011006,0,7,0,7,..,7,4,9,0,9,..,0,0,0,0,0,..,6,0,6,0,6,..,132,13,152,0,152,..,733,71,804,12,817,..,36,0,38,439,477,9371,768,73,837,450,10661
201011007,0,0,0,0,..,5,0,5,0,5,..,0,0,0,0,0,..,0,0,0,0,0,..,26,8,38,0,38,..,96,12,102,0,102,..,5,0,5,80,83,4044,98,12,108,80,4230
201011008,0,9,0,9,..,22,5,19,0,19,..,6,0,6,0,6,..,30,5,33,0,33,..,107,29,139,7,148,..,682,97,779,18,796,..,46,12,60,852,913,13628,730,113,837,868,15333
201011481,0,4,0,4,..,3,0,4,0,4,..,0,0,0,0,0,..,11,0,12,0,12,..,92,11,104,4,104,..,461,48,508,11,520,..,37,4,44,503,543,8623,497,53,551,512,9691
201011482,0,20,0,20,..,17,0,17,0,17,..,4,0,4,0,4,..,4,0,5,0,5,..,97,10,106,4,113,..,638,52,688,10,700,..,37,3,37,519,561,13490,672,58,726,530,14750
201011483,0,17,0,10,..,14,3,16,0,16,..,3,0,3,0,3,..,26,0,21,0,21,..,171,14,187,3,188,..,889,109,1001,14,1007,..,31,0,36,658,691,10520,927,110,1033,665,12225
201011484,0,9,0,9,..,14,3,18,0,20,..,0,0,0,0,0,..,16,4,22,0,22,..,118,6,125,4,128,..,604,60,664,11,678,..,41,10,47,867,917,11494,646,66,716,877,13086
201021009,0,5,0,5,..,0,0,0,0,0,..,3,0,3,0,3,..,3,0,3,4,4,..,74,7,79,0,79,..,234,20,259,5,263,..,10,0,10,411,416,5879,245,23,266,414,6559
201021010,0,0,0,0,..,8,0,6,0,6,..,0,0,0,0,0,..,3,0,5,0,5,..,55,6,57,0,57,..,219,21,241,0,241,..,14,0,14,573,590,7256,232,25,258,573,8085
201021011,0,0,0,0,..,12,0,13,0,13,..,5,0,5,0,5,..,11,0,16,0,16,..,109,11,127,3,128,..,557,54,607,8,617,..,34,0,34,740,773,8565,590,54,638,748,9955
201021012,0,0,0,0,..,3,0,3,0,3,..,0,0,0,0,0,..,7,0,10,0,10,..,49,6,53,5,60,..,195,14,213,5,217,..,21,0,21,428,443,5711,209,14,230,434,6372
201031013,0,0,0,0,..,0,0,0,0,0,..,0,0,0,0,0,..,0,0,0,0,0,..,22,0,24,0,24,..,72,7,77,4,76,..,3,3,8,314,327,3129,76,5,82,319,3532
201031014,0,0,0,0,..,3,0,3,0,3,..,0,0,0,0,0,..,0,0,4,0,4,..,25,3,32,0,33,..,87,10,97,0,98,..,4,0,4,686,690,3853,96,10,104,692,4644
201031015,0,0,0,0,..,0,0,0,0,0,..,0,0,0,0,0,..,0,0,0,0,4,..,42,0,43,0,43,..,113,6,129,6,129,..,9,0,9,335,349,4416,127,6,135,337,4894
201031016,0,0,0,0,..,4,0,4,0,4,..,6,0,6,0,6,..,4,6,8,0,8,..,43,9,45,0,45,..,242,22,269,3,268,..,27,0,32,451,478,7411,274,24,294,458,8160
201031017,0,0,0,0,..,3,0,3,0,3,..,0,0,0,0,0,..,0,0,0,0,0,..,51,3,51,0,54,..,125,12,132,0,136,..,20,0,20,498,515,4875,145,12,151,498,5526
202011018,0,14,0,14,..,16,3,24,0,24,..,3,0,3,0,3,..,16,0,19,0,23,..,264,199,467,10,474,..,973,275,1252,25,1270,..,59,12,68,1051,1120,12543,1031,285,1317,1071,14929
202011019,0,0,0,0,..,9,9,11,0,11,..,0,0,3,0,3,..,5,5,12,0,12,..,373,208,582,12,594,..,644,255,897,16,919,..,33,6,41,696,735,11298,676,262,940,716,12949
202011020,0,18,0,18,..,9,4,11,0,11,..,3,0,3,0,3,..,22,3,29,0,24,..,174,76,249,7,248,..,950,161,1115,15,1127,..,37,0,39,669,711,12151,988,170,1151,686,13988
202011021,0,16,0,16,..,7,0,16,0,16,..,0,6,9,0,9,..,21,0,21,0,21,..,117,28,144,0,148,..,561,69,631,7,644,..,29,5,26,372,404,8400,590,70,662,377,9437
202011022,0,7,0,7,..,9,0,9,0,9,..,7,0,7,0,7,..,32,28,57,0,57,..,364,222,584,10,595,..,1209,344,1553,23,1582,..,74,16,94,1237,1330,18133,1288,363,1646,1257,21043
202011023,0,4,0,6,..,0,0,0,0,0,..,0,0,0,0,0,..,7,0,9,0,9,..,22,3,26,0,26,..,158,11,174,3,174,..,12,3,14,133,147,5198,171,14,187,130,5518
202011024,0,7,0,7,..,3,0,3,0,3,..,0,0,0,0,0,..,0,0,0,0,0,..,66,9,71,3,76,..,425,34,464,7,469,..,19,4,15,324,344,9907,441,34,480,330,10719
202011025,0,8,0,8,..,6,0,6,0,6,..,3,0,3,0,3,..,10,0,11,0,12,..,335,145,474,6,484,..,1010,212,1222,17,1239,..,30,8,43,623,669,12538,1041,222,1263,643,14446
202021026,0,0,0,0,..,4,4,9,0,9,..,0,0,0,0,0,..,0,3,6,0,6,..,36,15,53,0,55,..,155,37,192,3,192,..,12,0,15,403,413,7738,168,39,201,404,8344
202021027,0,9,0,9,..,10,0,10,0,10,..,5,0,5,0,5,..,3,0,3,0,3,..,83,15,104,0,104,..,377,39,423,8,426,..,33,0,35,1314,1347,9578,410,40,457,1317,11352
202021028,0,0,0,0,..,3,0,3,0,3,..,0,0,0,0,0,..,5,0,5,0,5,..,69,8,80,0,80,..,229,20,251,0,251,..,17,0,15,636,656,8321,243,18,266,640,9225
202021029,0,0,0,0,..,0,0,0,0,0,..,3,3,6,0,6,..,0,0,3,0,3,..,24,0,30,0,29,..,128,21,149,0,153,..,11,0,11,538,557,4354,140,21,159,547,5062
202021030,0,0,0,0,..,9,0,6,0,6,..,5,0,5,0,5,..,4,3,9,0,9,..,80,7,90,3,96,..,437,90,521,9,534,..,18,0,18,649,663,9364,453,90,541,659,10562
202021031,0,0,0,0,..,0,0,0,0,0,..,0,0,0,0,0,..,4,3,6,0,6,..,93,9,100,0,103,..,331,34,366,0,371,..,11,3,14,346,360,7219,347,39,385,353,7949
202031032,0,0,0,0,..,4,0,4,0,4,..,0,0,0,0,0,..,0,0,0,0,0,..,42,3,49,3,54,..,90,11,100,3,103,..,4,0,4,460,467,4363,96,11,111,465,4934
202031033,0,0,0,0,..,5,0,5,0,5,..,0,0,0,0,0,..,3,0,4,0,4,..,25,0,28,0,28,..,215,21,230,0,232,..,15,4,12,775,787,6263,224,20,248,770,7289
203011034,0,0,0,0,..,5,0,10,0,10,..,6,0,6,0,6,..,11,3,11,0,11,..,64,12,77,0,77,..,268,27,293,3,299,..,10,5,16,277,290,7162,274,32,308,280,7754
203011035,0,0,0,0,..,8,0,11,0,6,..,5,0,5,0,5,..,6,0,0,0,0,..,68,7,76,5,76,..,195,23,221,3,226,..,13,0,13,447,455,7429,209,23,231,450,8111
203011036,0,0,0,0,..,0,0,0,0,0,..,0,0,0,0,0,..,3,0,3,0,3,..,27,0,27,0,27,..,135,12,149,0,149,..,11,3,11,404,414,6049,152,17,166,405,6614
203021037,0,32,0,32,..,21,8,30,0,30,..,12,0,7,0,7,..,32,11,37,0,37,..,227,23,249,9,254,..,1501,160,1665,16,1685,..,50,7,60,573,633,12707,1555,165,1722,591,15017
203021039,8,31,0,31,..,10,3,15,0,15,..,6,0,11,0,11,..,34,4,42,3,39,..,175,23,196,7,210,..,1445,161,1602,22,1627,..,31,0,31,684,720,11158,1479,161,1633,708,13504
203021040,0,37,3,41,..,16,4,18,0,20,..,6,0,10,0,10,..,44,6,49,0,49,..,330,62,392,14,406,..,2131,284,2419,36,2454,..,46,3,52,681,731,18011,2181,292,2466,717,21200
203021042,0,42,0,42,..,34,6,38,0,38,..,21,0,24,0,24,..,60,4,61,0,61,..,344,29,374,11,390,..,2740,206,2952,30,2984,..,57,9,67,741,809,20248,2800,220,3017,765,24034
203021043,5,22,0,22,..,46,10,56,0,56,..,27,0,27,0,27,..,90,47,140,0,136,..,281,36,314,10,328,..,1969,231,2197,34,2232,..,48,4,54,1824,1882,16701,2020,231,2254,1857,20817
203021044,0,5,0,5,..,7,0,7,0,7,..,21,0,21,0,21,..,12,0,14,0,14,..,149,11,161,0,165,..,789,82,865,9,883,..,29,3,25,489,519,11871,817,83,900,497,13272
203021045,3,18,0,20,..,26,7,32,0,32,..,12,0,13,0,13,..,38,19,59,0,64,..,219,39,259,4,264,..,1076,153,1226,15,1239,..,22,3,27,1062,1082,13135,1097,156,1249,1075,15462
203021046,0,20,0,20,..,11,0,17,0,17,..,14,0,14,0,14,..,18,6,17,0,17,..,117,7,125,0,127,..,835,77,912,9,922,..,20,0,18,323,338,9180,855,73,930,332,10445
203021047,12,58,0,58,..,48,8,56,0,56,..,33,14,45,0,45,..,39,23,59,0,59,..,520,126,644,10,651,..,3423,790,4216,29,4248,..,72,19,95,702,797,10752,3496,813,4312,736,15795
203021485,0,15,0,15,..,3,0,7,0,7,..,7,0,10,0,10,..,26,11,39,0,39,..,156,33,185,5,188,..,1279,131,1405,19,1428,..,60,0,60,378,431,8437,1332,135,1466,396,10300
203021486,14,93,0,93,..,25,14,38,3,42,..,68,18,90,0,90,..,112,64,176,0,176,..,1207,653,1868,19,1880,..,3100,1000,4104,36,4143,..,96,31,123,1279,1403,12782,3200,1030,4230,1317,18325
203021487,0,58,0,58,..,30,4,31,0,35,..,6,0,4,0,4,..,66,9,74,0,74,..,313,52,365,11,374,..,2667,261,2923,36,2961,..,66,3,71,810,882,20927,2732,264,2994,845,24763
203021488,0,27,0,27,..,12,9,21,0,19,..,27,12,37,0,37,..,38,21,57,3,60,..,413,147,554,10,565,..,1485,441,1926,21,1957,..,38,7,43,938,984,6111,1524,454,1975,965,9051
203031048,0,5,0,5,..,23,0,24,0,24,..,7,0,11,0,11,..,10,0,10,0,10,..,141,19,162,5,169,..,714,77,782,12,800,..,42,6,47,506,553,15447,752,78,831,519,16797
203031049,0,0,0,0,..,3,0,3,0,3,..,0,0,0,0,0,..,4,0,4,0,5,..,40,5,45,0,46,..,251,21,272,11,277,..,4,0,4,427,430,5520,259,21,279,436,6234
203031051,0,0,0,0,..,7,0,7,0,7,..,3,0,3,0,3,..,9,0,9,0,9,..,140,8,144,0,146,..,566,77,647,10,653,..,24,0,24,696,717,8160,588,77,672,706,9536
203031052,0,0,0,0,..,7,0,7,0,7,..,0,0,0,0,0,..,0,0,0,0,0,..,35,0,35,0,34,..,179,15,190,0,193,..,6,0,6,322,328,4999,184,15,194,321,5519
203031053,0,0,0,0,..,14,0,13,0,13,..,3,0,3,0,3,..,10,0,11,0,13,..,214,24,235,8,246,..,1028,74,1101,23,1124,..,54,3,60,1032,1084,22396,1079,79,1159,1053,24607
203031489,0,0,0,0,..,12,3,16,0,16,..,0,0,0,0,0,..,23,4,31,0,31,..,186,23,208,6,209,..,774,72,847,16,856,..,31,0,31,494,523,9955,803,72,875,507,11333
203031490,0,0,0,0,..,5,0,11,0,11,..,6,0,6,0,6,..,11,0,10,0,12,..,150,0,158,4,162,..,612,38,654,18,665,..,28,3,29,782,808,17914,636,37,683,798,19394
204011054,0,4,0,4,..,6,0,6,0,6,..,0,0,4,0,4,..,4,0,9,0,9,..,40,4,47,0,47,..,212,21,229,0,234,..,0,6,5,406,411,6185,211,20,233,407,6828
204011055,0,5,0,5,..,9,0,12,0,12,..,4,0,4,0,4,..,3,3,6,0,6,..,40,3,40,0,44,..,189,25,212,4,213,..,23,5,23,646,668,6044,209,26,233,646,6922
204011056,0,9,0,9,..,27,0,28,0,28,..,21,0,24,0,24,..,12,0,12,0,12,..,178,27,210,7,212,..,846,90,939,12,950,..,40,3,42,831,876,13744,888,90,980,838,15563
204011057,3,4,0,4,..,6,0,11,0,11,..,4,0,4,0,4,..,12,0,9,0,9,..,50,10,57,4,63,..,400,40,442,7,451,..,20,0,20,858,880,9186,425,40,465,868,10517
204011058,0,0,0,0,..,10,0,10,0,10,..,0,0,0,0,0,..,0,11,11,0,11,..,26,5,24,0,28,..,173,31,205,9,212,..,19,0,19,331,355,3970,193,31,227,338,4537
204011059,0,0,0,0,..,6,7,16,0,16,..,0,0,0,0,0,..,7,8,13,0,13,..,37,5,39,0,38,..,359,69,426,4,432,..,15,3,21,546,564,5573,377,70,449,547,6569
204011060,0,0,0,0,..,3,3,8,0,8,..,0,0,3,0,3,..,0,0,0,0,0,..,42,6,46,0,48,..,175,23,200,4,204,..,3,0,3,335,340,4106,183,23,207,341,4645
204011061,0,0,0,0,..,0,0,0,0,0,..,0,0,0,0,0,..,0,0,0,0,0,..,6,0,6,0,6,..,3,0,3,0,3,..,0,0,0,48,48,186,3,0,3,48,238
204011062,0,0,0,0,..,4,0,4,0,4,..,0,0,0,0,0,..,5,0,5,0,5,..,31,0,33,0,33,..,145,5,152,0,152,..,10,0,10,481,495,3538,155,5,164,481,4182
204021063,0,8,0,8,..,4,0,4,0,4,..,0,0,0,0,0,..,3,0,3,0,5,..,56,4,56,0,62,..,400,45,443,14,459,..,26,0,26,853,876,9482,426,45,472,865,10822
204021064,0,0,0,0,..,8,0,8,0,8,..,0,0,0,0,0,..,5,0,0,0,0,..,27,0,25,0,25,..,71,9,82,0,82,..,10,0,10,315,326,3376,82,9,89,315,3781
204021065,0,0,0,0,..,3,0,3,0,3,..,0,0,0,0,0,..,0,0,0,0,0,..,17,4,19,0,19,..,57,6,69,0,67,..,5,0,5,192,199,3780,67,9,75,195,4047
204021066,6,33,0,33,..,17,7,28,0,28,..,5,0,0,0,3,..,15,7,26,0,26,..,133,15,147,13,154,..,1048,130,1182,21,1200,..,54,7,60,1030,1090,17592,1105,145,1243,1047,19882
204021067,0,0,0,0,..,27,8,38,5,40,..,0,0,0,0,0,..,3,0,4,0,4,..,40,9,52,0,49,..,301,45,347,3,356,..,16,3,25,608,629,8940,314,55,370,611,9925
204031068,0,0,0,0,..,3,0,12,0,12,..,0,0,0,0,0,..,0,0,0,0,0,..,39,8,52,0,53,..,190,13,200,9,207,..,10,0,15,341,351,4431,200,9,210,346,4986
204031069,0,0,0,0,..,12,0,12,0,12,..,0,0,0,0,0,..,4,0,5,0,5,..,88,15,97,4,104,..,407,54,460,12,476,..,26,0,26,699,729,7696,436,58,494,713,8903
204031070,0,0,0,0,..,0,0,0,0,0,..,0,0,0,0,0,..,0,0,0,0,0,..,17,4,18,0,18,..,49,6,50,0,50,..,5,0,3,192,199,2929,50,7,61,192,3184
204031071,0,0,0,0,..,0,0,0,0,0,..,0,0,0,0,0,..,0,0,0,0,0,..,31,7,36,0,37,..,413,66,478,7,485,..,10,4,17,229,246,4018,419,71,494,233,4745
204031072,0,0,0,0,..,0,0,0,0,0,..,0,0,0,0,0,..,0,0,0,0,0,..,31,7,34,0,34,..,162,12,170,6,175,..,12,0,12,523,531,5489,165,12,179,525,6196
204031073,0,6,0,6,..,19,0,20,0,20,..,0,0,0,0,0,..,32,22,53,0,53,..,140,38,173,9,185,..,643,112,756,14,768,..,43,6,43,775,820,13803,683,118,796,792,15396
204031075,0,0,0,0,..,6,3,5,0,5,..,0,0,0,0,0,..,0,0,0,0,0,..,18,0,27,0,27,..,71,6,76,0,77,..,0,0,4,315,317,4823,69,5,79,313,5221
204031491,0,5,0,5,..,3,0,8,0,8,..,6,0,6,0,6,..,15,7,22,0,24,..,235,71,312,3,316,..,835,153,992,14,1005,..,41,15,56,343,397,11374,879,167,1046,358,12778
204031492,0,4,0,4,..,11,6,18,0,18,..,0,0,0,0,0,..,76,57,128,0,128,..,206,72,278,3,279,..,974,234,1210,9,1220,..,72,8,82,863,950,12917,1050,248,1290,871,15082
205011076,0,11,0,11,..,9,0,13,0,13,..,3,0,3,0,3,..,9,5,17,0,17,..,199,25,221,5,227,..,817,86,900,9,910,..,43,3,46,1026,1074,17787,860,90,947,1034,19773
205011077,0,0,0,0,..,12,0,12,0,12,..,0,0,0,0,0,..,0,0,0,0,0,..,34,3,37,0,40,..,174,21,201,0,203,..,13,0,13,456,466,5910,188,21,216,458,6585
205011078,0,6,0,6,..,6,3,15,0,15,..,0,0,0,0,0,..,11,10,22,0,26,..,65,6,77,0,77,..,274,51,316,5,322,..,17,0,17,447,460,7584,292,51,341,446,8368
205011079,3,22,0,21,..,37,7,43,0,48,..,14,0,14,0,14,..,37,17,57,0,57,..,255,20,275,5,274,..,1234,156,1385,14,1396,..,53,3,54,1166,1219,20436,1285,159,1438,1174,23051
205021080,0,0,0,0,..,0,0,0,0,0,..,0,0,0,0,0,..,0,0,0,0,0,..,0,0,0,0,0,..,0,0,0,0,0,..,0,0,0,0,0,0,0,0,0,0,0
205021081,0,30,0,30,..,12,22,32,0,32,..,0,0,0,0,0,..,38,22,60,0,60,..,85,16,101,4,105,..,696,125,824,8,831,..,52,12,67,1061,1126,13721,751,139,886,1066,15684
205021082,3,7,0,7,..,7,8,17,0,17,..,0,0,0,0,0,..,7,0,9,0,9,..,47,5,47,0,54,..,207,44,247,0,253,..,19,0,22,608,626,7409,222,47,272,612,8290
205021083,0,0,0,0,..,0,0,0,0,0,..,0,0,0,0,0,..,0,0,0,0,0,..,0,0,0,0,0,..,0,0,0,0,0,..,0,0,0,0,0,0,0,0,0,0,0
205021084,0,0,0,0,..,7,0,10,0,10,..,0,0,0,0,0,..,16,5,22,0,22,..,82,8,87,3,91,..,414,37,457,3,463,..,23,0,24,913,940,9760,440,40,485,921,11164
205021085,0,0,0,0,..,0,0,9,0,9,..,5,0,5,0,5,..,4,0,7,0,7,..,37,5,44,3,44,..,182,22,200,6,208,..,12,0,12,682,701,5821,193,22,215,688,6727
205021086,0,4,0,4,..,4,0,4,0,6,..,0,0,0,0,0,..,5,5,9,0,9,..,39,5,41,0,41,..,193,23,216,3,214,..,21,0,22,274,301,6460,212,27,232,280,6977
205031087,0,0,0,0,..,10,0,10,0,10,..,0,0,0,0,0,..,6,5,6,0,11,..,80,0,82,0,85,..,329,22,351,3,357,..,14,0,19,723,739,8353,341,27,368,726,9446
205031088,0,0,0,0,..,0,0,0,0,0,..,0,0,0,0,0,..,0,0,0,0,0,..,0,4,9,0,7,..,8,3,12,0,16,..,0,0,0,7,14,111,12,3,17,12,139
205031089,0,0,0,0,..,0,0,0,0,0,..,0,0,0,0,0,..,5,4,13,0,13,..,62,10,72,3,76,..,316,43,358,6,359,..,12,0,12,563,574,8904,326,43,370,567,9842
205031090,0,12,0,12,..,4,0,4,0,4,..,0,0,0,0,0,..,8,6,12,0,13,..,79,14,89,0,91,..,400,61,466,6,473,..,21,3,26,686,709,10321,419,69,489,695,11502
205031091,0,4,0,4,..,16,0,15,0,15,..,4,0,4,0,4,..,25,6,28,0,28,..,120,9,121,3,129,..,758,74,827,10,840,..,51,0,55,1019,1075,11891,811,75,883,1025,13799
205031092,0,0,0,0,..,0,0,0,0,0,..,0,0,0,0,0,..,0,0,0,0,0,..,0,0,0,0,0,..,3,0,3,0,3,..,0,0,0,5,5,10,3,0,3,5,16
205031093,0,13,0,13,..,42,8,50,0,53,..,11,0,10,0,10,..,18,10,23,0,23,..,184,38,218,0,222,..,1060,141,1202,22,1220,..,72,5,73,1575,1651,23917,1133,145,1273,1599,26792
205041094,0,0,0,0,..,6,6,13,3,14,..,0,0,0,0,0,..,0,0,0,0,0,..,116,10,125,4,129,..,406,38,449,9,454,..,29,0,35,793,822,10638,443,37,479,800,11912
205041095,0,0,0,0,..,17,6,18,0,18,..,0,0,3,0,3,..,15,9,23,0,23,..,288,49,337,4,343,..,837,158,993,13,1005,..,58,4,62,1230,1297,14991,899,160,1057,1245,17291
205041096,0,7,0,7,..,11,6,21,0,21,..,4,0,3,0,3,..,19,15,40,7,38,..,276,108,390,9,395,..,1230,277,1508,18,1527,..,56,30,78,1521,1600,11301,1283,308,1588,1539,14432
205041098,0,0,0,0,..,0,0,0,0,0,..,0,0,0,0,0,..,0,0,3,0,3,..,26,4,32,0,32,..,79,14,94,0,90,..,3,0,4,270,276,4342,84,11,93,269,4707
205041493,0,19,0,19,..,16,0,16,0,16,..,9,0,10,0,10,..,23,12,31,0,34,..,150,15,166,9,173,..,690,88,783,15,797,..,47,5,46,779,825,10383,741,93,831,792,12000
205041494,0,18,0,18,..,21,3,25,0,25,..,4,0,4,0,4,..,27,0,27,0,28,..,143,23,162,10,172,..,1097,127,1230,17,1242,..,37,0,39,829,863,14707,1134,130,1263,844,16822
205051099,0,0,0,0,..,0,0,0,0,0,..,0,0,0,0,0,..,0,0,0,0,0,..,0,0,0,0,0,..,0,0,0,0,0,..,0,0,0,6,6,19,0,0,0,6,23
205051100,0,0,0,0,..,3,3,8,0,8,..,0,0,0,0,0,..,3,0,3,0,3,..,46,0,46,0,46,..,155,12,164,3,163,..,18,0,18,300,312,4435,167,12,180,301,4915
205051101,0,0,0,0,..,11,4,16,0,16,..,3,0,3,0,3,..,9,12,18,0,18,..,54,10,67,3,71,..,341,40,382,5,383,..,18,0,18,994,1016,13360,355,40,397,1002,14756
205051102,0,0,0,0,..,5,0,9,0,9,..,0,0,0,0,0,..,0,0,0,0,0,..,14,0,14,0,14,..,109,11,126,0,126,..,6,0,6,1256,1266,3539,116,11,131,1258,4928
205051103,5,42,0,44,..,13,0,13,0,13,..,0,0,0,0,0,..,37,21,55,3,59,..,115,24,137,3,142,..,830,120,948,17,965,..,54,0,56,892,950,13388,885,121,1004,907,15301
205051104,0,0,0,0,..,4,0,9,0,9,..,0,0,0,0,0,..,6,5,9,0,9,..,33,5,33,0,33,..,128,21,154,5,159,..,12,0,12,459,470,4980,144,21,167,459,5605
206011106,0,15,0,15,..,23,3,28,0,28,..,41,7,51,0,51,..,86,21,110,0,111,..,187,22,210,11,216,..,2580,334,2918,37,2949,..,30,0,35,464,497,9290,2618,329,2950,496,12738
206011107,3,50,0,50,..,26,3,28,0,28,..,87,18,104,0,107,..,113,13,126,3,128,..,305,30,338,5,342,..,3425,509,3937,30,3966,..,49,10,56,427,481,9869,3479,519,3993,454,14318
206011109,0,9,0,17,..,16,5,21,0,21,..,81,8,89,0,89,..,100,16,110,0,110,..,129,16,140,7,150,..,2554,374,2929,29,2957,..,35,6,34,255,291,7146,2582,376,2959,285,10390
206011495,0,15,0,15,..,8,3,11,0,11,..,73,40,116,0,116,..,74,18,98,0,98,..,171,37,211,3,215,..,2650,627,3277,27,3302,..,42,3,49,318,366,9222,2695,629,3326,340,12890
206011496,5,26,0,26,..,12,0,19,0,19,..,63,17,74,0,76,..,105,30,136,0,136,..,216,31,242,11,250,..,2329,453,2784,25,2813,..,49,9,60,418,478,9697,2378,461,2840,446,12983
206011497,0,15,0,15,..,31,4,37,0,37,..,184,56,238,3,245,..,74,25,99,0,99,..,222,28,251,3,257,..,3406,698,4107,27,4128,..,55,3,59,387,445,7958,3455,707,4165,406,12535
206011498,0,11,0,11,..,21,11,33,0,34,..,188,62,250,0,253,..,68,13,81,0,81,..,212,21,238,6,241,..,3459,787,4243,45,4291,..,34,6,43,345,384,9355,3491,794,4285,384,14031
206021110,0,12,0,9,..,9,3,15,0,15,..,3,0,6,0,6,..,64,18,82,0,82,..,95,14,108,13,117,..,1460,254,1718,17,1732,..,37,0,34,241,273,6980,1492,256,1755,256,8994
206021112,3,11,0,11,..,36,0,34,0,34,..,28,0,28,0,28,..,153,71,219,3,223,..,314,40,357,10,366,..,3820,932,4761,33,4793,..,65,8,73,498,568,13555,3885,944,4828,533,18919
206021499,0,12,0,12,..,10,0,12,0,12,..,36,3,41,0,41,..,95,32,129,0,127,..,165,12,181,6,188,..,2398,585,2986,28,3010,..,57,4,62,456,517,11538,2457,591,3049,485,15068
206021500,0,12,0,12,..,13,0,12,0,12,..,15,0,15,0,13,..,65,27,90,0,91,..,153,12,171,0,174,..,1550,312,1863,33,1893,..,30,5,33,316,356,8049,1582,319,1899,351,10299
206031113,0,23,0,23,..,30,8,39,0,39,..,56,9,63,0,66,..,342,119,459,8,465,..,580,122,708,17,724,..,3134,674,3809,45,3857,..,52,7,64,753,818,10522,3188,678,3874,798,15191
206031115,3,36,0,35,..,20,0,26,0,26,..,69,25,93,0,93,..,191,138,330,3,331,..,657,171,825,13,841,..,2397,643,3040,37,3078,..,57,9,64,627,695,5294,2456,654,3108,669,9065
206031116,0,29,0,29,..,31,6,37,0,37,..,79,11,94,0,94,..,147,29,175,0,175,..,321,47,361,16,376,..,3426,504,3929,44,3972,..,48,7,56,451,507,11741,3468,516,3987,492,16224
206031501,0,27,0,28,..,38,7,45,0,45,..,115,10,126,0,126,..,240,38,283,0,280,..,339,30,371,7,379,..,3497,340,3834,34,3870,..,50,3,53,473,526,11649,3543,344,3889,514,16042
206031502,3,29,0,29,..,12,0,18,0,18,..,65,0,67,0,67,..,121,7,134,0,134,..,288,19,312,3,317,..,2590,257,2844,28,2872,..,39,3,44,405,451,8868,2635,261,2892,430,12191
206041117,0,110,0,110,..,115,29,147,0,144,..,47,19,67,0,68,..,279,96,375,0,373,..,726,95,825,7,831,..,7031,857,7890,30,7919,..,48,11,56,1075,1129,7606,7080,870,7945,1103,16655
206041118,25,285,7,287,..,136,31,175,0,175,..,70,5,78,0,76,..,191,20,207,5,214,..,683,57,743,24,764,..,7346,835,8181,72,8259,..,69,19,85,1347,1431,5804,7424,853,8271,1419,15493
206041119,0,3,0,3,..,4,0,10,0,10,..,6,0,6,0,6,..,23,0,28,0,28,..,54,0,55,0,55,..,647,32,683,0,689,..,13,0,14,258,279,3933,660,35,699,268,4896
206041120,0,0,0,0,..,0,0,0,0,0,..,0,0,0,0,0,..,0,0,0,0,0,..,3,0,3,0,3,..,23,4,22,0,22,..,0,0,0,0,0,51,23,4,22,0,77
206041121,4,20,0,20,..,32,9,39,0,39,..,20,3,21,0,21,..,226,95,322,4,326,..,343,49,391,13,407,..,2171,444,2618,40,2654,..,36,0,42,365,409,7680,2208,451,2661,404,10745
206041124,0,36,0,37,..,11,0,14,0,14,..,24,0,24,0,24,..,82,13,94,0,94,..,235,20,259,7,261,..,1858,213,2067,10,2076,..,23,3,29,427,457,4764,1878,219,2096,432,7297
206041125,0,5,0,5,..,9,0,9,0,10,..,13,0,13,0,13,..,23,0,29,0,29,..,109,7,115,3,117,..,1138,102,1241,11,1251,..,19,0,19,509,528,4641,1157,102,1255,522,6423
206041127,0,0,0,0,..,0,0,0,0,0,..,0,0,0,0,0,..,0,0,0,0,0,..,0,0,0,0,0,..,0,0,0,0,0,..,0,0,0,0,0,0,0,0,0,0,0
206041503,9,71,3,72,..,158,31,186,0,182,..,11,0,11,0,11,..,211,14,219,0,222,..,242,23,268,7,271,..,4165,596,4757,22,4782,..,31,7,41,1056,1097,3967,4192,600,4797,1084,9848
206041504,3,110,0,113,..,343,109,446,0,446,..,24,0,24,0,24,..,473,44,513,0,513,..,392,28,421,5,427,..,10124,1430,11556,23,11582,..,50,7,58,1389,1442,3845,10173,1442,11612,1414,16870
206041505,0,172,0,172,..,436,142,574,0,577,..,34,10,40,0,41,..,390,28,417,0,417,..,542,65,602,12,612,..,8220,1050,9273,46,9313,..,46,14,63,1287,1347,4985,8271,1063,9329,1335,15648
206041506,3,66,0,66,..,45,8,59,0,59,..,61,8,70,0,74,..,379,100,483,0,485,..,753,128,883,13,897,..,5047,809,5851,38,5888,..,73,12,86,1286,1371,8376,5121,819,5937,1323,15637
206041507,0,0,0,0,..,0,0,0,0,0,..,0,0,0,0,0,..,0,0,0,0,0,..,0,0,0,0,0,..,0,0,0,0,0,..,0,0,0,0,0,0,0,0,0,0,0
206041508,8,58,0,61,..,60,19,78,0,78,..,28,0,28,0,28,..,68,5,72,0,72,..,196,23,221,6,229,..,2671,300,2971,30,3000,..,26,5,30,446,476,2988,2697,305,2999,475,6463
206041509,6,118,0,123,..,99,20,115,0,115,..,48,3,54,0,54,..,223,15,238,0,245,..,432,24,459,13,471,..,7361,608,7970,53,8022,..,64,13,76,780,850,7222,7420,622,8047,832,16101
206041510,0,53,0,56,..,65,7,73,3,79,..,21,6,25,0,25,..,142,14,151,0,152,..,184,15,201,5,205,..,2988,397,3389,28,3411,..,23,9,32,515,548,3486,3015,407,3418,546,7446
206051128,0,43,0,49,..,31,4,35,0,35,..,21,0,21,0,21,..,80,5,82,0,82,..,302,29,329,11,343,..,3404,389,3792,31,3821,..,57,8,61,646,710,11290,3463,392,3860,678,15825
206051129,0,16,0,19,..,25,0,29,0,29,..,30,0,32,0,32,..,32,7,34,0,34,..,311,19,333,5,336,..,1971,153,2126,26,2146,..,34,5,41,816,858,11813,2008,155,2165,843,14818
206051130,0,17,0,16,..,36,0,35,0,35,..,41,17,53,0,53,..,85,24,111,0,112,..,368,48,417,3,423,..,2750,396,3151,26,3174,..,47,10,52,840,901,12117,2799,404,3201,871,16192
206051134,0,19,0,19,..,53,8,57,0,57,..,24,4,30,0,30,..,50,7,56,0,58,..,640,51,700,15,711,..,3024,321,3347,42,3390,..,53,8,63,868,929,11490,3082,335,3412,913,15813
206051511,0,10,0,10,..,5,0,5,0,5,..,14,0,14,0,14,..,15,4,18,0,18,..,40,0,37,0,42,..,566,42,606,6,608,..,7,0,7,263,273,1029,571,42,613,266,1907
206051512,0,22,0,22,..,38,7,46,0,46,..,37,15,45,0,45,..,75,18,96,0,96,..,282,53,334,6,348,..,2328,396,2728,38,2762,..,48,3,54,607,661,8270,2377,406,2781,641,11693
206051513,0,25,0,25,..,23,0,23,0,23,..,30,3,36,0,36,..,45,5,56,0,58,..,270,31,301,6,304,..,2312,241,2548,14,2570,..,40,5,42,861,905,8382,2350,242,2592,879,11857
206051514,0,32,0,32,..,37,4,46,0,46,..,38,3,43,0,43,..,55,9,62,0,57,..,316,25,340,6,346,..,2713,244,2952,31,2983,..,48,4,50,1307,1358,9512,2756,250,3005,1340,13858
206061135,0,12,0,15,..,37,10,42,0,44,..,16,0,12,0,12,..,42,3,48,0,48,..,175,10,184,8,193,..,1570,171,1744,24,1766,..,31,3,33,356,384,7182,1597,176,1772,379,9336
206061136,0,37,0,37,..,61,4,63,0,65,..,82,43,122,0,124,..,82,15,94,0,94,..,324,41,367,5,375,..,3178,600,3777,34,3809,..,48,10,59,925,985,14316,3226,612,3835,960,19119
206061138,0,28,0,28,..,21,11,26,0,26,..,15,5,19,0,19,..,54,0,57,0,57,..,227,12,243,3,248,..,2311,259,2563,26,2587,..,22,10,30,741,774,9590,2332,265,2594,769,12953
206061515,0,34,0,36,..,66,15,84,0,89,..,17,0,17,0,17,..,77,3,79,0,79,..,184,12,195,0,196,..,2861,221,3077,18,3093,..,20,0,22,828,848,7253,2882,219,3101,840,11192
206061516,7,41,0,39,..,19,15,34,0,34,..,39,10,44,0,50,..,60,27,95,4,95,..,224,37,259,0,260,..,2019,438,2456,17,2474,..,23,3,27,589,619,6846,2044,439,2484,606,9939
206071139,0,14,0,14,..,46,13,56,0,53,..,10,0,10,0,10,..,297,126,417,0,417,..,164,11,174,10,175,..,1804,305,2110,19,2130,..,26,5,32,483,516,6449,1830,310,2142,504,9088
206071140,0,0,0,0,..,12,0,12,0,12,..,17,3,21,0,21,..,24,8,39,0,39,..,151,6,157,4,159,..,1036,119,1155,11,1166,..,35,0,36,267,303,6716,1078,112,1196,278,8186
206071141,0,10,0,10,..,21,12,34,0,34,..,53,25,77,0,80,..,211,164,370,0,370,..,508,110,614,14,629,..,1758,493,2258,19,2277,..,43,13,62,573,632,6269,1807,507,2317,595,9179
206071142,0,12,0,12,..,24,7,29,0,29,..,26,9,37,0,37,..,215,184,396,3,405,..,446,89,532,16,552,..,1773,597,2367,31,2399,..,45,6,47,828,876,7157,1817,602,2419,857,10431
206071143,0,12,0,12,..,11,4,20,0,20,..,31,5,39,0,39,..,74,46,116,0,119,..,225,31,256,8,264,..,1669,351,2018,22,2039,..,35,4,43,502,545,10198,1702,357,2060,521,12781
206071145,0,10,0,10,..,4,0,4,0,4,..,20,0,21,0,22,..,61,14,74,0,74,..,142,16,164,0,163,..,1172,158,1331,12,1344,..,22,5,25,334,360,8149,1190,161,1351,348,9855
206071517,0,8,0,8,..,24,0,20,0,20,..,14,0,23,0,23,..,121,29,144,0,144,..,202,18,224,3,224,..,2086,345,2427,27,2451,..,44,0,43,730,778,14441,2128,343,2466,764,17671
206071518,0,31,0,31,..,52,4,57,0,57,..,33,10,43,0,43,..,799,626,1418,17,1433,..,346,62,407,7,415,..,3104,1299,4403,42,4448,..,63,11,71,685,756,8658,3164,1314,4477,728,13867
207011146,0,19,0,19,..,9,0,12,0,12,..,14,4,15,0,14,..,51,5,57,0,57,..,167,18,188,5,192,..,1526,262,1785,22,1806,..,67,0,69,184,253,5892,1594,263,1858,204,7952
207011147,0,93,0,93,..,29,4,33,0,33,..,14,6,20,0,20,..,198,38,232,0,232,..,193,17,217,4,220,..,5743,1306,7049,48,7102,..,43,11,52,417,470,8594,5785,1319,7105,462,16163
207011148,3,148,0,148,..,29,3,37,0,37,..,47,0,51,0,48,..,348,52,398,0,401,..,238,25,266,8,275,..,8440,1572,10018,57,10071,..,69,11,83,446,523,10522,8512,1584,10098,501,21123
207011149,0,82,0,82,..,45,0,51,0,51,..,17,0,23,0,23,..,183,29,206,0,208,..,227,18,247,4,247,..,4718,697,5418,32,5445,..,58,3,62,565,630,15152,4778,704,5477,596,21232
207011150,0,57,0,56,..,16,0,15,0,15,..,11,0,11,0,11,..,116,15,137,0,137,..,208,23,227,4,235,..,3165,422,3587,25,3608,..,53,5,55,370,427,12790,3213,429,3641,402,16829
207011152,0,58,0,63,..,62,10,71,0,71,..,17,0,18,0,18,..,121,18,132,0,135,..,222,14,240,3,239,..,3370,431,3803,34,3834,..,33,3,35,481,517,11335,3403,433,3843,515,15684
207011154,0,26,0,26,..,6,0,6,0,6,..,12,0,10,0,10,..,91,17,106,0,103,..,88,0,89,3,94,..,1526,216,1746,15,1761,..,23,0,23,132,160,4563,1550,216,1771,152,6482
207011155,0,47,0,46,..,13,3,17,0,17,..,16,0,20,0,20,..,127,23,145,0,148,..,161,14,174,7,176,..,3065,479,3545,24,3570,..,43,0,46,408,453,11915,3111,477,3594,434,15944
207011519,0,37,0,37,..,36,3,39,0,39,..,15,0,16,0,16,..,111,11,132,0,132,..,137,9,148,0,152,..,1541,185,1730,8,1733,..,21,5,25,370,398,7756,1568,188,1754,380,9890
207011520,0,61,0,62,..,39,4,44,0,44,..,11,0,11,0,11,..,127,21,149,3,154,..,204,20,219,3,220,..,2529,243,2775,25,2794,..,25,0,29,421,453,8714,2555,245,2800,445,11957
207011521,0,22,0,22,..,19,5,21,0,21,..,5,4,5,0,5,..,134,14,150,0,149,..,95,7,105,7,107,..,2480,446,2926,28,2953,..,33,0,38,272,311,8340,2512,445,2959,297,11601
207011522,0,31,0,31,..,18,5,26,0,26,..,13,0,13,0,8,..,184,26,210,0,210,..,179,22,198,17,214,..,3010,490,3503,36,3535,..,28,12,43,480,522,8986,3046,498,3546,513,13039
207021156,0,28,0,28,..,11,0,11,0,11,..,30,0,36,0,36,..,165,23,188,5,197,..,226,23,247,6,251,..,4629,856,5484,34,5518,..,41,6,50,230,279,5493,4667,865,5536,262,11289
207021157,4,86,0,86,..,63,4,72,0,72,..,61,13,77,0,77,..,153,23,180,4,186,..,418,65,479,16,494,..,11525,2816,14344,128,14469,..,109,16,129,730,859,9485,11635,2829,14468,861,24814
207021159,5,100,0,100,..,14,7,22,0,22,..,45,4,49,0,49,..,58,11,66,0,66,..,272,35,310,6,316,..,6419,1165,7581,53,7638,..,75,15,83,497,581,8747,6491,1178,7670,548,16966
207021160,0,36,0,36,..,15,0,15,0,20,..,34,8,42,0,42,..,91,12,107,0,109,..,240,35,277,13,281,..,5353,984,6335,56,6393,..,52,15,62,357,422,7381,5399,997,6400,413,14191
207021424,8,62,0,62,..,6,0,8,0,8,..,21,10,35,0,35,..,76,16,98,0,95,..,187,31,212,9,218,..,7306,1412,8720,71,8787,..,56,14,68,284,359,6527,7366,1422,8789,355,15672
207021425,0,77,0,76,..,26,5,25,0,25,..,19,11,27,0,27,..,85,25,104,5,109,..,193,45,236,27,258,..,7390,1614,8997,107,9103,..,51,9,63,470,529,5816,7436,1623,9056,573,15454
207031161,6,107,0,111,..,51,11,60,0,60,..,11,0,7,0,7,..,175,41,214,0,222,..,319,34,356,10,367,..,5756,1145,6904,67,6969,..,56,6,66,519,585,14547,5815,1150,6972,586,22106
207031162,6,69,0,75,..,21,6,23,0,23,..,5,0,5,0,5,..,133,16,149,0,149,..,151,17,168,5,171,..,3174,772,3938,53,3995,..,29,9,35,285,321,6620,3203,774,3979,343,10939
207031163,0,101,0,102,..,58,12,71,0,71,..,7,0,7,0,7,..,321,75,399,0,397,..,384,52,437,7,447,..,8505,3313,11817,76,11893,..,80,15,94,1220,1321,9629,8583,3331,11912,1296,22841
207031164,4,49,0,48,..,50,6,63,0,63,..,19,3,29,0,29,..,143,35,180,0,180,..,269,47,314,11,330,..,5911,1857,7772,72,7844,..,38,15,54,496,550,9732,5952,1870,7821,572,18126
207031165,8,137,0,136,..,28,7,32,0,32,..,13,3,11,0,11,..,177,28,203,3,211,..,294,18,314,3,317,..,4748,929,5677,44,5719,..,47,7,48,630,679,5943,4796,930,5727,674,12336
207031166,3,149,4,149,..,29,13,41,0,41,..,9,0,10,0,10,..,178,63,244,0,244,..,176,15,197,4,205,..,4632,1193,5827,47,5873,..,32,6,44,234,274,4528,4671,1203,5868,275,10675
207031167,0,28,0,28,..,6,0,8,0,8,..,13,0,13,0,13,..,57,11,71,0,75,..,103,10,112,12,120,..,2081,363,2442,26,2471,..,27,3,31,273,300,7397,2107,359,2471,299,10166
208011168,0,3,0,3,..,17,0,17,0,17,..,31,0,31,0,31,..,19,7,28,0,28,..,166,12,175,0,175,..,1345,130,1468,11,1476,..,42,0,42,316,358,12186,1384,130,1512,322,14021
208011169,0,11,0,11,..,26,3,28,0,28,..,38,0,39,0,39,..,70,5,77,0,77,..,323,23,347,14,358,..,3121,433,3552,40,3588,..,62,5,66,790,855,18311,3180,441,3619,824,22758
208011170,0,21,0,21,..,17,0,19,0,20,..,38,0,38,0,38,..,53,8,58,0,58,..,434,27,464,6,473,..,3047,370,3411,23,3443,..,75,6,86,539,624,12479,3126,376,3498,559,16540
208011171,0,14,0,14,..,21,3,22,0,22,..,53,9,57,4,61,..,21,5,33,0,33,..,229,27,255,10,263,..,1901,296,2195,29,2224,..,32,4,36,336,374,9840,1933,300,2231,368,12439
208011172,7,33,0,35,..,26,3,31,0,34,..,47,8,49,0,49,..,39,6,49,0,49,..,276,29,307,6,315,..,2500,336,2839,33,2868,..,46,15,62,632,692,14641,2549,347,2895,665,18200
208011173,0,10,0,10,..,12,0,12,0,12,..,30,0,30,0,30,..,19,3,23,0,23,..,237,15,256,3,259,..,1855,166,2020,23,2046,..,48,3,51,588,636,14676,1905,168,2074,608,17358
208021174,0,116,0,116,..,66,11,68,0,71,..,37,4,42,0,42,..,164,26,194,0,197,..,647,39,685,16,705,..,6644,1099,7739,68,7809,..,106,15,119,710,828,16255,6745,1119,7866,776,24896
208021176,7,224,6,232,..,64,13,83,0,82,..,11,0,11,0,14,..,162,11,171,0,173,..,756,52,811,15,828,..,6173,866,7039,84,7117,..,74,13,89,526,609,10807,6245,881,7123,609,18534
208021177,3,54,3,57,..,30,6,32,0,32,..,16,4,23,0,23,..,104,13,115,5,119,..,1603,93,1697,21,1718,..,5169,519,5693,52,5741,..,92,12,101,924,1027,15599,5259,533,5792,973,22362
208021178,0,38,0,37,..,18,3,26,0,26,..,19,4,19,0,19,..,60,8,72,0,72,..,1084,65,1153,19,1172,..,4208,589,4795,45,4840,..,88,15,104,549,653,12580,4294,602,4898,597,18075
208021179,0,10,0,10,..,21,0,24,0,24,..,10,0,12,0,12,..,38,3,42,0,41,..,477,54,528,14,541,..,2090,233,2322,33,2349,..,39,4,46,353,395,9155,2130,237,2364,385,11904
208021180,3,43,0,43,..,22,4,21,0,21,..,5,0,5,0,5,..,71,10,88,0,88,..,192,23,208,11,219,..,2552,471,3027,25,3058,..,18,3,17,207,223,4280,2565,480,3045,239,7563
208021181,0,69,0,69,..,36,4,34,0,36,..,9,0,9,0,9,..,87,9,97,0,101,..,270,32,298,9,304,..,2522,343,2867,28,2890,..,24,3,26,228,253,6226,2542,347,2896,253,9369
208021182,7,129,6,138,..,26,10,34,0,34,..,24,0,24,0,24,..,116,8,126,0,126,..,649,51,705,13,715,..,4326,521,4846,41,4893,..,48,11,62,429,491,7748,4373,531,4907,471,13128
208021426,3,83,0,83,..,22,4,29,0,29,..,37,6,47,0,47,..,166,17,188,0,188,..,762,51,816,15,832,..,5394,766,6165,45,6208,..,72,9,80,446,526,9857,5468,778,6244,487,16583
208021427,0,70,0,69,..,20,0,24,0,24,..,18,0,21,5,27,..,104,23,124,0,124,..,547,41,593,15,605,..,3650,520,4168,38,4208,..,44,0,49,304,351,9496,3693,525,4215,345,14057
208031183,8,103,0,105,..,20,0,18,0,18,..,82,8,90,0,89,..,207,48,253,5,261,..,199,15,216,3,218,..,2418,366,2787,20,2800,..,30,5,35,150,190,5869,2447,377,2818,166,8853
208031184,0,0,0,0,..,0,0,0,0,0,..,0,0,0,0,0,..,0,0,0,0,0,..,0,0,0,0,0,..,0,0,3,0,3,..,0,0,0,3,3,22,0,0,3,3,31
208031185,0,15,0,15,..,36,5,44,0,44,..,43,9,47,0,47,..,64,14,76,0,76,..,189,26,212,0,214,..,1613,251,1862,18,1881,..,38,3,38,324,355,9794,1650,251,1902,337,12032
208031186,0,15,0,15,..,47,12,54,0,55,..,28,7,34,0,37,..,43,5,43,0,46,..,275,30,306,7,309,..,1787,179,1968,28,1996,..,51,9,60,644,702,12506,1837,188,2026,672,15204
208031187,3,26,0,26,..,3,0,8,0,8,..,16,4,21,0,21,..,18,4,23,0,23,..,84,10,97,0,95,..,790,92,882,11,896,..,16,0,13,170,188,4307,806,95,900,186,5393
208031188,0,74,3,74,..,60,9,65,0,65,..,138,34,172,3,175,..,91,14,103,0,103,..,485,51,535,13,546,..,5282,864,6148,71,6223,..,92,18,105,794,901,16965,5371,888,6255,864,24085
208031189,0,19,0,19,..,23,3,25,0,25,..,26,4,26,0,26,..,34,3,35,0,35,..,180,18,196,10,206,..,1263,135,1395,9,1405,..,38,0,38,366,405,11754,1304,136,1436,379,13563
208031190,5,42,0,42,..,17,7,19,0,19,..,61,19,86,5,90,..,27,0,29,0,29,..,216,25,241,3,246,..,2253,340,2590,24,2614,..,33,7,38,317,356,10225,2285,342,2630,350,13197
208031191,0,27,0,27,..,15,4,16,0,16,..,21,10,25,0,25,..,27,6,32,0,32,..,281,38,317,9,324,..,2281,337,2618,19,2642,..,37,7,44,360,403,6063,2322,346,2665,381,9116
208031192,0,0,0,0,..,0,0,0,0,0,..,0,0,0,0,0,..,0,0,0,0,0,..,0,0,0,0,0,..,15,0,20,0,20,..,0,0,0,0,0,3,15,0,20,0,26
208031193,0,61,0,61,..,19,3,23,0,23,..,84,9,92,0,92,..,32,4,42,0,42,..,327,26,358,8,364,..,2822,367,3186,35,3218,..,63,4,65,542,605,17372,2883,368,3249,580,21199
208041194,0,30,0,30,..,35,0,35,0,35,..,17,0,20,0,20,..,61,14,73,0,75,..,300,25,321,6,332,..,3425,424,3848,38,3886,..,46,0,47,588,637,15721,3467,428,3894,629,20239
208041195,3,85,0,85,..,31,3,40,0,42,..,27,0,27,0,27,..,182,32,211,0,215,..,357,34,388,12,399,..,4877,656,5533,50,5586,..,51,10,55,654,715,15625,4929,664,5596,704,21923
209011196,8,69,0,69,..,30,5,31,0,31,..,18,0,18,0,18,..,121,23,144,0,143,..,220,37,262,14,272,..,2664,663,3334,29,3366,..,37,5,45,308,348,6117,2706,679,3376,342,9831
209011197,0,43,0,43,..,25,3,30,0,30,..,26,0,25,0,25,..,72,3,73,0,73,..,241,40,284,11,291,..,2776,287,3061,34,3096,..,53,11,59,471,526,17184,2830,296,3121,502,20807
209011198,0,80,0,76,..,44,0,47,0,47,..,19,0,19,0,27,..,84,15,99,0,99,..,319,34,356,17,370,..,3295,441,3734,37,3775,..,49,3,58,426,481,11786,3345,450,3795,462,16039
209011199,4,74,0,74,..,45,10,55,0,55,..,23,6,28,0,28,..,179,57,233,4,236,..,985,133,1115,17,1135,..,3958,690,4647,55,4701,..,102,13,113,814,925,9227,4052,703,4758,870,14852
209011200,7,85,0,82,..,24,0,23,0,23,..,12,0,13,0,15,..,92,20,109,0,111,..,138,19,156,12,166,..,2469,379,2851,26,2878,..,30,6,34,345,378,9202,2497,385,2884,366,12458
209011201,0,36,0,36,..,11,0,11,0,11,..,3,0,3,0,3,..,36,6,45,0,45,..,70,3,80,3,82,..,1372,129,1495,16,1509,..,11,0,14,193,210,6022,1383,128,1507,211,7740
209011202,0,13,0,13,..,32,3,32,0,35,..,11,0,11,0,11,..,38,6,38,0,38,..,169,19,189,10,200,..,1549,154,1699,33,1733,..,51,3,56,402,457,14348,1596,160,1756,434,16539
209011203,3,95,0,95,..,27,8,31,0,34,..,36,0,44,0,44,..,126,18,148,0,152,..,357,33,392,9,403,..,4076,578,4656,43,4697,..,78,3,80,380,464,13576,4154,587,4736,418,18733
209011204,3,42,4,47,..,20,0,20,0,20,..,3,0,3,0,3,..,28,0,28,0,28,..,150,28,177,5,182,..,1559,216,1776,25,1798,..,24,5,30,239,264,7172,1585,219,1805,263,9236
209021205,8,130,0,126,..,16,4,23,0,23,..,13,5,18,0,18,..,313,69,387,5,386,..,310,11,323,8,325,..,3600,779,4385,33,4412,..,44,10,53,483,530,5464,3646,786,4435,508,10408
209021428,5,72,3,77,..,53,10,60,0,60,..,49,12,65,0,65,..,487,202,685,4,694,..,522,84,604,10,613,..,5753,1489,7241,49,7294,..,67,19,86,783,868,12554,5818,1510,7331,829,20711
209021429,3,58,4,59,..,17,3,18,0,18,..,23,10,33,0,33,..,142,39,187,0,186,..,286,35,320,10,323,..,3228,721,3954,23,3981,..,42,9,46,438,491,8226,3270,732,3998,467,12696
209021523,6,59,0,56,..,45,4,50,0,50,..,37,8,48,0,48,..,253,97,353,3,354,..,486,62,546,12,565,..,4962,1083,6049,61,6106,..,60,10,74,716,791,7898,5024,1097,6124,780,14795
209021524,0,22,0,22,..,23,4,27,0,27,..,55,9,66,0,68,..,144,66,206,0,206,..,269,56,323,4,323,..,3960,913,4876,39,4912,..,41,16,55,447,507,4382,4004,927,4931,493,9801
209021525,0,39,0,39,..,28,6,34,0,34,..,38,9,52,0,52,..,356,131,489,0,493,..,404,61,468,13,476,..,3928,965,4894,43,4943,..,50,16,60,852,915,6940,3982,975,4959,897,12799
209021526,0,33,0,33,..,19,4,22,0,22,..,50,9,58,0,58,..,162,58,218,0,217,..,352,69,422,11,431,..,4090,778,4866,53,4923,..,66,11,80,560,636,8531,4161,792,4949,607,14090
209031209,0,22,0,29,..,24,0,24,0,20,..,37,4,41,0,39,..,27,3,34,0,34,..,245,32,273,16,287,..,2201,216,2419,38,2457,..,54,4,54,550,609,20383,2259,221,2479,585,23444
209031210,0,6,0,6,..,0,0,0,0,0,..,0,0,0,0,0,..,3,0,3,0,3,..,41,3,44,0,43,..,126,9,141,3,142,..,0,0,6,76,79,3337,130,10,142,82,3554
209031211,0,0,0,0,..,0,0,0,0,0,..,9,0,6,0,6,..,0,0,0,0,0,..,44,6,46,0,47,..,153,17,170,5,180,..,10,0,10,398,408,3625,166,17,183,404,4204
209031212,0,0,0,0,..,4,4,5,0,5,..,0,0,0,0,0,..,0,0,0,0,0,..,31,3,33,0,33,..,186,11,198,5,198,..,3,0,3,258,262,4627,192,11,200,258,5091
209031213,0,19,0,19,..,8,5,11,0,11,..,30,14,39,0,39,..,13,5,13,0,13,..,103,14,117,4,116,..,1440,163,1605,6,1610,..,27,0,27,199,225,7625,1466,163,1627,206,9454
209031214,0,0,0,0,..,0,0,0,0,0,..,0,0,0,0,0,..,15,0,15,0,15,..,67,6,70,0,73,..,409,31,437,4,442,..,12,0,12,185,194,6300,421,31,453,186,6935
209031215,0,13,0,13,..,12,0,8,0,8,..,32,0,40,0,40,..,21,0,18,0,18,..,142,12,157,8,163,..,1099,82,1180,11,1194,..,44,0,48,297,340,12875,1143,82,1228,307,14417
209041216,7,108,0,108,..,8,7,15,0,15,..,21,5,27,0,27,..,90,25,119,0,119,..,208,27,238,5,238,..,2806,416,3225,21,3242,..,32,0,34,283,315,3795,2840,417,3250,304,7350
209041217,0,41,0,41,..,17,0,17,4,21,..,16,0,22,0,22,..,75,24,97,0,97,..,197,26,219,7,225,..,2255,610,2866,28,2895,..,31,8,37,277,308,2986,2288,617,2907,299,6186
209041220,11,179,0,179,..,17,8,28,0,28,..,78,13,84,0,86,..,192,65,256,0,252,..,516,65,580,10,591,..,6307,996,7300,71,7371,..,109,28,135,550,685,9417,6412,1024,7437,619,17470
209041221,25,200,0,200,..,13,3,12,0,17,..,40,11,54,0,54,..,206,82,283,3,284,..,346,46,395,7,401,..,3913,725,4643,42,4682,..,73,11,77,349,434,6127,3983,733,4718,393,11240
209041223,22,116,0,119,..,22,11,33,0,34,..,297,118,420,0,420,..,976,517,1492,11,1500,..,815,132,946,15,962,..,10001,3016,13019,89,13102,..,143,48,188,783,967,5926,10147,3061,13207,867,19998
209041224,3,67,0,66,..,29,4,28,0,30,..,140,22,169,0,169,..,44,12,57,0,57,..,614,126,735,18,754,..,3593,412,4005,56,4064,..,72,8,80,1083,1161,17402,3665,418,4085,1133,22627
209041225,0,13,0,14,..,9,0,9,0,9,..,31,3,36,0,36,..,11,5,14,0,14,..,176,20,197,5,199,..,1581,164,1748,27,1771,..,30,6,37,680,717,8175,1615,168,1779,699,10661
209041431,20,162,4,170,..,7,3,14,0,14,..,77,24,103,0,103,..,162,73,232,0,236,..,413,84,496,10,510,..,4682,788,5471,53,5525,..,79,20,98,1181,1280,6339,4758,815,5573,1234,13144
209041432,7,73,0,69,..,6,0,8,0,8,..,48,12,59,0,59,..,129,56,192,0,195,..,271,48,318,4,323,..,3245,688,3936,47,3977,..,46,15,60,428,484,3746,3288,704,3992,471,8204
209041433,27,296,3,303,..,13,0,18,0,18,..,109,28,134,0,135,..,211,80,291,3,294,..,654,87,746,21,762,..,6286,822,7107,78,7190,..,102,20,125,466,590,4367,6396,843,7235,545,12143
209041435,10,193,0,195,..,18,0,18,0,18,..,22,6,29,0,29,..,67,17,89,0,89,..,453,61,520,9,527,..,4335,447,4782,45,4822,..,68,7,76,290,365,7405,4404,451,4857,335,12595
209041436,9,98,0,98,..,28,8,33,0,33,..,20,3,24,0,24,..,89,30,117,0,117,..,311,45,358,3,364,..,3831,539,4366,39,4407,..,66,10,81,398,481,7506,3898,546,4449,435,12392
209041437,47,441,8,452,..,28,6,31,0,31,..,262,46,319,3,317,..,208,87,295,0,299,..,1315,223,1542,35,1581,..,13801,1703,15510,200,15708,..,224,53,280,841,1116,7583,14023,1760,15786,1038,24407
209041527,5,73,0,73,..,24,3,27,0,27,..,13,4,18,0,18,..,20,0,17,0,17,..,264,34,297,7,304,..,2226,225,2444,33,2475,..,46,7,56,389,438,13378,2270,228,2503,420,16299
209041528,0,79,4,83,..,22,6,31,0,28,..,34,3,44,0,44,..,29,4,27,0,31,..,222,30,242,10,251,..,2254,228,2480,48,2530,..,37,3,43,258,306,7640,2288,233,2522,313,10471
209041529,15,59,0,62,..,20,6,25,0,23,..,76,26,101,0,101,..,440,223,666,7,672,..,331,76,405,10,412,..,4720,1315,6039,51,6091,..,77,32,109,499,607,3252,4804,1345,6146,553,9947
209041530,16,76,0,78,..,19,5,19,0,22,..,226,56,282,0,283,..,631,289,919,10,929,..,597,125,720,11,733,..,6730,1709,8445,86,8523,..,107,35,144,650,799,4193,6839,1749,8589,734,13513
209041531,12,148,5,154,..,42,7,44,0,44,..,23,3,28,0,28,..,56,15,75,4,76,..,398,57,450,18,473,..,3776,407,4184,56,4233,..,75,6,78,337,417,6775,3847,409,4260,393,11427
209041532,7,147,0,145,..,32,3,32,0,32,..,31,0,32,0,32,..,45,4,52,0,52,..,451,45,490,20,514,..,4419,408,4828,75,4899,..,72,11,84,435,522,6519,4491,423,4918,511,11940
210011226,3,14,0,14,..,21,10,31,0,31,..,26,5,34,0,34,..,38,5,44,0,44,..,172,27,194,4,196,..,1817,299,2118,17,2133,..,27,4,26,207,240,5803,1845,300,2143,232,8173
210011227,0,0,0,0,..,0,0,0,0,0,..,0,0,0,0,0,..,0,0,0,0,0,..,0,0,0,0,0,..,3,0,3,0,3,..,0,0,0,5,5,5,3,0,3,5,13
210011228,0,11,0,8,..,14,3,15,0,15,..,51,0,55,0,55,..,101,14,113,0,113,..,202,15,217,0,220,..,1917,235,2158,12,2171,..,49,0,48,239,289,6090,1967,238,2203,258,8548
210011230,0,8,0,8,..,8,3,13,0,13,..,29,5,30,0,30,..,75,20,94,0,94,..,143,10,149,4,151,..,1431,154,1580,12,1598,..,20,3,23,215,243,5627,1453,155,1611,227,7460
210011231,6,18,0,18,..,10,0,10,0,15,..,211,25,235,3,240,..,87,13,107,0,107,..,229,17,247,4,249,..,1940,171,2110,19,2125,..,44,0,46,211,260,7645,1985,175,2158,231,10031
210011533,0,36,0,36,..,24,3,31,0,31,..,47,7,55,0,55,..,640,193,839,5,839,..,400,39,442,0,446,..,4752,1034,5783,35,5822,..,76,13,93,377,470,6097,4825,1048,5877,416,12388
210011534,4,66,0,70,..,31,0,31,0,31,..,60,20,77,5,81,..,311,130,434,0,436,..,337,47,381,8,389,..,4222,761,4984,36,5023,..,53,13,65,449,518,9536,4277,774,5047,488,15073
210021232,0,3,0,3,..,18,0,18,0,18,..,22,0,21,0,21,..,9,6,18,0,18,..,125,12,139,3,144,..,680,53,736,9,744,..,44,0,45,527,574,12903,730,52,775,535,14222
210021233,0,0,0,0,..,3,0,3,0,3,..,0,0,0,0,0,..,8,0,8,0,8,..,34,5,40,0,39,..,131,9,143,0,138,..,0,0,0,198,196,3182,132,9,142,194,3523
210021234,0,5,0,5,..,0,0,0,0,0,..,9,0,9,0,9,..,0,0,0,0,0,..,32,3,32,0,32,..,147,10,160,0,159,..,9,0,9,171,180,4121,156,10,164,177,4457
210021235,0,0,0,0,..,20,0,20,0,20,..,11,0,11,0,11,..,3,0,3,0,3,..,75,0,76,0,76,..,362,31,388,7,393,..,12,0,12,600,609,9763,373,31,398,602,10765
210031236,0,12,0,12,..,8,0,12,0,12,..,103,33,134,0,134,..,52,23,78,0,78,..,193,22,215,10,215,..,2257,459,2718,30,2754,..,32,5,39,429,464,5211,2288,470,2752,463,8425
210031237,3,66,0,66,..,10,8,14,0,14,..,255,86,334,0,336,..,86,51,132,0,132,..,577,154,730,16,747,..,6765,1306,8072,89,8160,..,103,32,130,803,934,4915,6866,1337,8207,892,14002
210031439,0,4,0,4,..,12,0,12,0,12,..,69,9,73,0,73,..,27,7,31,0,31,..,98,9,104,0,105,..,832,72,902,8,912,..,16,0,16,70,89,2115,848,72,926,76,3111
210031440,0,5,0,5,..,6,0,6,0,6,..,143,32,173,0,173,..,41,13,58,0,52,..,203,22,224,3,227,..,2224,378,2605,24,2628,..,37,0,38,355,394,3220,2261,379,2640,379,6241
210031535,9,72,0,72,..,24,3,31,0,31,..,419,121,542,7,550,..,110,37,145,0,147,..,539,116,654,17,675,..,6313,1066,7380,87,7472,..,126,21,146,960,1108,6207,6444,1088,7532,1050,14783
210031536,3,48,0,50,..,25,9,27,0,27,..,253,67,323,6,329,..,95,25,121,0,121,..,374,59,428,17,441,..,3582,473,4058,54,4112,..,78,12,93,575,671,4071,3662,487,4152,630,8857
210031537,3,43,0,43,..,39,5,40,0,40,..,162,40,195,4,204,..,88,12,98,0,98,..,200,27,228,4,230,..,2392,270,2657,35,2690,..,35,7,43,288,326,4878,2428,269,2698,322,7898
210031538,0,46,0,51,..,34,5,33,0,33,..,279,41,319,0,325,..,148,25,169,0,173,..,370,38,410,18,431,..,5027,670,5705,61,5766,..,59,9,70,624,698,10758,5085,684,5770,688,17214
210041240,0,3,0,3,..,23,3,27,4,30,..,30,5,35,0,35,..,20,0,23,0,23,..,174,22,201,3,203,..,1106,111,1220,17,1238,..,32,5,37,480,515,11925,1138,113,1257,497,13671
210041539,0,13,0,13,..,15,4,25,0,25,..,16,0,15,0,15,..,13,3,17,0,24,..,123,12,129,6,137,..,1119,96,1212,22,1235,..,8,3,12,220,234,3770,1130,97,1224,241,5237
210041540,0,11,0,11,..,23,6,33,0,33,..,10,4,20,0,20,..,38,3,42,0,42,..,248,36,285,4,291,..,1551,175,1728,17,1739,..,44,0,42,632,675,12573,1591,176,1767,643,14985
210041541,0,8,0,8,..,18,4,27,0,27,..,10,0,10,0,10,..,28,6,31,0,36,..,97,25,122,5,126,..,816,84,901,17,917,..,29,0,31,402,430,9816,840,88,931,418,11166
210051242,13,79,3,81,..,30,9,36,0,36,..,543,217,758,10,770,..,193,97,295,0,295,..,862,394,1254,12,1271,..,6248,1695,7948,76,8022,..,129,43,175,1496,1674,4166,6375,1744,8116,1577,13859
210051243,0,58,0,58,..,22,3,29,0,29,..,1686,685,2372,13,2388,..,191,127,317,0,317,..,1316,503,1824,21,1847,..,8165,2355,10518,94,10616,..,183,67,250,1159,1410,4031,8346,2420,10767,1255,16057
210051245,0,17,0,17,..,32,6,35,0,37,..,447,82,529,7,533,..,89,33,120,0,123,..,705,152,862,7,867,..,4891,780,5666,48,5717,..,89,18,107,686,795,11513,4980,796,5777,738,18024
210051246,4,52,0,52,..,33,3,38,0,38,..,1604,284,1881,10,1892,..,80,18,100,0,100,..,1332,224,1555,22,1575,..,8815,1047,9863,68,9935,..,191,40,231,657,892,11275,9003,1089,10087,729,22095
210051247,0,11,0,11,..,21,18,36,0,36,..,2277,807,3083,24,3103,..,376,203,581,3,582,..,1269,503,1766,18,1789,..,7684,2345,10029,91,10123,..,156,85,243,1026,1267,3502,7850,2428,10274,1116,14890
210051248,0,0,0,0,..,0,0,0,0,0,..,0,0,0,0,0,..,0,0,0,0,0,..,0,0,0,0,0,..,11,0,11,0,14,..,0,0,0,49,51,61,10,0,10,49,126
210051250,0,11,0,11,..,29,6,37,0,37,..,81,17,95,0,95,..,13,3,16,0,16,..,238,53,289,6,297,..,1880,356,2235,13,2246,..,28,6,32,302,341,3992,1910,365,2268,316,6576
210051441,4,57,0,57,..,18,4,20,0,24,..,105,27,139,4,138,..,23,6,33,0,33,..,523,190,717,10,725,..,2793,544,3339,38,3379,..,61,22,77,441,516,4201,2854,566,3416,479,8099
210051442,6,66,6,70,..,14,6,16,0,16,..,355,70,430,0,433,..,34,14,45,0,41,..,915,285,1199,15,1213,..,5950,907,6859,66,6924,..,92,22,117,515,629,4764,6044,926,6972,575,12309
210051443,7,131,7,140,..,46,23,60,0,60,..,803,155,950,7,954,..,53,23,79,0,79,..,2323,768,3095,32,3129,..,10507,1946,12451,135,12588,..,243,84,325,965,1286,7798,10749,2025,12773,1102,21673
210051445,7,94,4,93,..,41,11,45,0,46,..,526,89,610,3,618,..,49,8,63,0,63,..,1666,455,2120,64,2183,..,11439,1592,13036,216,13256,..,172,48,223,1259,1484,8642,11617,1645,13259,1478,23374
210051542,3,86,3,91,..,11,4,20,0,20,..,331,87,409,0,414,..,25,3,34,0,34,..,965,395,1359,23,1383,..,5808,1070,6876,90,6971,..,119,42,160,293,455,2419,5922,1118,7043,383,9842
210051543,8,116,0,121,..,12,4,15,0,15,..,672,129,796,7,807,..,45,24,70,0,71,..,1387,576,1961,23,1981,..,7028,1376,8404,97,8500,..,153,56,214,621,831,3657,7189,1427,8618,723,12999
210051544,3,65,0,65,..,15,9,26,0,26,..,932,221,1157,6,1165,..,75,28,108,0,106,..,894,361,1250,14,1267,..,4993,1119,6116,42,6155,..,118,36,154,393,548,2769,5115,1162,6273,437,9479
210051545,4,90,0,90,..,15,0,15,0,15,..,1135,294,1430,11,1444,..,72,45,121,0,121,..,2879,1050,3931,35,3961,..,8445,2152,10600,74,10677,..,213,80,290,610,899,3079,8661,2237,10895,679,14658
211011251,8,102,0,102,..,34,0,34,0,34,..,12,0,16,0,16,..,115,42,158,0,158,..,254,77,337,12,347,..,3175,692,3862,53,3912,..,53,4,56,438,493,8184,3225,694,3920,489,12589
211011254,10,256,0,256,..,27,5,31,0,35,..,10,3,13,0,14,..,129,31,162,0,162,..,303,56,358,8,362,..,5460,876,6336,56,6399,..,53,16,70,440,508,9691,5519,891,6404,498,16601
211011255,0,32,0,32,..,0,0,5,0,5,..,6,0,14,0,14,..,19,7,19,0,19,..,126,11,138,0,139,..,1090,117,1205,13,1220,..,23,0,20,130,156,5225,1110,118,1231,143,6594
211011256,4,184,0,183,..,26,0,24,0,24,..,29,5,37,0,37,..,84,33,114,0,114,..,389,41,429,19,456,..,4315,796,5115,41,5156,..,64,11,69,298,370,9893,4388,805,5191,335,15418
211011257,0,79,0,79,..,18,3,24,0,24,..,0,0,0,0,0,..,96,24,123,0,123,..,139,21,165,0,163,..,1896,274,2172,20,2191,..,21,4,32,151,180,5536,1924,279,2199,172,7905
211011258,7,167,0,167,..,12,0,15,0,15,..,23,4,26,0,27,..,77,27,107,0,110,..,240,28,272,4,277,..,2897,380,3283,25,3307,..,52,15,67,218,284,6789,2947,399,3344,243,10375
211011259,4,128,0,127,..,23,0,26,0,26,..,30,3,30,0,30,..,135,48,178,0,178,..,253,62,312,23,332,..,4554,987,5542,85,5626,..,52,4,57,474,530,8191,4609,991,5596,562,14341
211011260,14,300,4,300,..,36,3,39,0,39,..,22,0,25,0,25,..,108,50,151,3,154,..,367,52,427,12,439,..,6315,1160,7474,61,7534,..,82,13,98,413,516,9894,6401,1175,7578,474,17942
211011446,11,95,0,95,..,76,8,85,0,85,..,8,0,7,0,7,..,108,31,137,3,139,..,369,80,452,21,470,..,4042,765,4812,75,4883,..,88,16,100,973,1070,17597,4128,783,4913,1046,23560
211011447,6,43,0,43,..,27,0,29,0,32,..,4,0,6,0,6,..,58,16,74,0,73,..,210,30,246,4,253,..,2024,319,2342,33,2378,..,42,4,46,451,505,11271,2071,326,2391,487,14145
211011448,0,54,0,54,..,29,4,29,0,29,..,4,0,4,0,4,..,48,14,59,0,59,..,240,44,278,5,287,..,2404,395,2802,33,2832,..,42,11,53,410,467,12028,2449,403,2853,445,15334
211011449,5,6,0,6,..,8,0,8,0,8,..,0,0,0,0,0,..,3,0,7,0,7,..,51,19,63,0,63,..,261,46,301,3,311,..,8,0,15,127,140,3896,269,48,321,131,4345
211021261,0,26,0,26,..,10,0,10,0,10,..,18,4,26,0,26,..,44,6,56,0,56,..,190,14,211,11,222,..,3893,616,4508,45,4551,..,49,8,56,479,542,11181,3944,624,4572,521,16275
211021262,0,0,0,0,..,8,4,6,0,6,..,6,0,6,0,6,..,14,3,17,0,17,..,99,3,103,0,109,..,948,209,1156,3,1160,..,22,5,25,232,258,8696,973,212,1183,236,10112
211031263,0,24,0,24,..,32,0,36,0,36,..,4,0,6,0,6,..,68,21,90,0,92,..,270,60,326,10,336,..,1674,301,1976,22,1999,..,30,4,38,428,462,9404,1708,308,2015,449,11871
211031265,0,23,0,23,..,23,0,21,0,26,..,9,6,10,0,10,..,28,4,38,0,32,..,215,36,247,5,258,..,1950,273,2214,28,2244,..,40,8,48,331,384,15434,1989,282,2265,365,18059
211031266,3,54,0,54,..,56,10,59,0,59,..,13,4,16,0,16,..,113,35,147,0,147,..,617,400,1021,25,1046,..,4494,1282,5779,77,5854,..,103,31,134,704,844,12018,4601,1320,5918,782,18715
211031267,3,68,0,71,..,46,9,48,0,48,..,8,0,7,0,7,..,80,20,94,0,98,..,631,310,948,28,968,..,3526,845,4371,58,4434,..,98,21,123,603,729,15970,3629,866,4495,669,21132
211031268,0,6,0,6,..,15,0,15,0,15,..,7,0,11,0,11,..,33,8,48,0,48,..,144,25,174,5,171,..,1418,228,1643,15,1659,..,31,5,38,168,200,7796,1442,237,1682,179,9654
211031450,3,51,0,53,..,24,9,38,0,38,..,11,0,11,0,11,..,37,7,51,0,51,..,706,380,1080,22,1103,..,2327,692,3024,35,3057,..,68,28,103,519,613,12442,2398,724,3118,552,16109
211031451,0,28,0,28,..,41,8,43,0,43,..,9,3,7,0,7,..,43,9,51,0,51,..,368,162,525,8,534,..,2077,446,2528,27,2548,..,49,10,61,427,488,11109,2128,462,2586,453,14139
211031452,0,15,0,15,..,11,0,11,0,11,..,0,0,0,0,0,..,24,3,21,0,21,..,91,32,116,7,120,..,622,111,734,13,750,..,15,5,19,120,142,4007,634,121,753,136,4898
211041269,10,76,0,76,..,54,7,61,0,61,..,6,0,7,0,7,..,143,52,193,0,193,..,214,26,242,5,250,..,3649,910,4560,52,4611,..,56,11,60,322,382,5788,3705,913,4619,369,10780
211041270,0,66,0,65,..,38,3,39,0,39,..,25,3,26,0,26,..,139,50,185,4,189,..,306,65,372,12,383,..,4340,928,5274,68,5339,..,60,15,69,349,414,11040,4401,941,5344,412,16795
211041271,0,49,0,50,..,37,12,47,0,47,..,7,0,10,0,10,..,150,65,210,5,209,..,197,60,252,7,262,..,3662,853,4514,60,4574,..,44,12,59,561,616,7220,3712,860,4573,616,12413
211041272,0,65,0,65,..,14,0,14,0,14,..,14,0,17,0,17,..,126,45,173,0,173,..,180,30,212,10,220,..,3506,634,4143,45,4192,..,39,0,41,186,228,6580,3541,640,4182,233,10993
211041273,11,116,0,116,..,14,4,19,0,19,..,13,0,13,0,13,..,90,22,113,0,113,..,169,29,202,3,204,..,4473,909,5383,44,5425,..,38,4,42,443,484,6050,4507,913,5425,480,11954
211051274,0,3,0,3,..,5,0,13,0,13,..,3,0,3,0,3,..,4,0,6,0,6,..,138,12,148,7,154,..,589,50,646,12,653,..,26,5,33,321,351,9002,617,59,674,330,10005
211051275,0,9,0,9,..,13,3,20,0,20,..,6,0,6,0,6,..,38,6,39,0,39,..,198,36,237,7,241,..,1427,204,1631,12,1643,..,26,5,32,349,380,9758,1460,208,1660,353,11779
211051276,0,0,0,0,..,18,0,20,0,20,..,0,0,0,0,0,..,5,0,3,0,3,..,119,12,125,6,133,..,504,50,557,8,560,..,47,4,54,646,699,12808,556,56,606,648,14065
211051277,0,10,3,9,..,26,0,23,0,23,..,0,0,0,0,0,..,23,4,26,0,26,..,408,195,602,8,608,..,971,270,1238,14,1252,..,69,19,85,274,360,8296,1036,292,1323,286,9916
211051278,0,19,0,19,..,34,3,38,0,38,..,12,0,12,0,12,..,15,0,13,0,13,..,232,33,266,10,272,..,1317,162,1480,14,1491,..,46,3,54,608,660,17448,1368,164,1533,623,19599
211051279,0,0,0,0,..,0,3,10,0,10,..,0,0,0,0,0,..,3,0,5,0,5,..,97,9,108,0,108,..,309,34,339,7,345,..,18,0,18,199,218,5247,322,34,358,203,5816
211051280,0,0,0,0,..,6,3,11,0,11,..,0,0,0,0,0,..,5,0,5,0,5,..,87,10,97,0,97,..,304,29,332,3,338,..,20,5,31,179,204,6404,322,38,364,178,6943
211051281,0,29,0,29,..,22,4,23,0,27,..,3,0,8,0,8,..,23,5,30,0,32,..,862,454,1315,15,1328,..,2788,709,3497,34,3531,..,85,28,114,601,707,18902,2874,734,3610,634,23146
211051282,0,4,0,4,..,11,4,11,0,11,..,3,0,3,0,3,..,17,0,16,0,16,..,136,12,149,10,157,..,602,49,651,10,660,..,27,0,26,299,326,8715,628,55,676,308,9706
211051283,0,3,0,3,..,17,0,15,0,15,..,0,0,0,0,0,..,3,3,6,0,6,..,108,19,124,6,131,..,374,40,410,6,416,..,25,0,25,147,175,9204,395,40,437,155,9799
211051284,0,3,0,3,..,14,0,14,0,14,..,7,0,7,0,7,..,8,0,8,0,13,..,114,3,122,4,120,..,555,36,592,11,602,..,31,0,31,211,246,8930,590,38,627,223,9777
211051285,0,0,0,0,..,4,0,5,0,5,..,0,0,0,0,0,..,0,0,0,0,0,..,70,7,76,0,79,..,294,45,341,6,343,..,15,0,15,243,256,7301,310,45,353,253,7902
211051286,0,0,0,0,..,11,3,12,0,12,..,3,0,3,0,3,..,9,7,19,3,15,..,117,10,132,0,133,..,475,58,533,12,546,..,45,0,45,1105,1150,15107,521,57,574,1119,16799
212011289,0,0,0,0,..,26,3,26,0,26,..,13,0,13,0,13,..,8,0,8,0,8,..,178,13,195,4,200,..,749,69,819,4,823,..,34,0,35,1072,1104,16703,784,74,851,1076,18633
212011546,10,199,0,199,..,25,4,30,0,30,..,31,3,30,0,30,..,22,0,27,0,27,..,838,113,946,33,981,..,5435,532,5964,91,6054,..,94,8,103,748,851,16725,5527,541,6066,843,23632
212011547,0,0,0,0,..,9,0,9,0,9,..,4,0,4,0,4,..,5,0,5,0,5,..,53,6,59,0,66,..,245,33,281,3,287,..,11,4,17,686,700,8886,266,37,300,688,9868
212011548,4,39,0,39,..,12,0,15,0,13,..,3,0,5,0,5,..,7,4,9,0,9,..,122,21,141,0,145,..,596,94,686,8,698,..,25,10,30,497,529,8843,622,102,721,505,10069
212011549,13,98,0,99,..,20,3,22,0,22,..,13,0,13,0,13,..,40,7,47,3,47,..,470,93,560,14,574,..,2346,300,2640,38,2681,..,62,18,84,740,824,11936,2409,318,2727,779,15441
212011550,10,77,0,78,..,13,0,16,0,16,..,6,0,6,0,6,..,24,12,37,0,37,..,364,44,403,5,413,..,1729,198,1932,17,1944,..,26,3,35,213,244,5283,1759,207,1966,233,7479
212011551,9,63,0,63,..,23,0,25,0,25,..,4,0,6,0,10,..,9,3,17,0,17,..,227,79,311,9,317,..,1228,210,1440,20,1457,..,38,11,48,448,492,4489,1267,216,1485,467,6439
212011552,21,166,0,166,..,46,4,48,0,54,..,24,0,22,0,22,..,74,23,94,0,93,..,1215,254,1468,17,1487,..,6123,924,7049,63,7117,..,163,31,197,1073,1264,18397,6286,955,7248,1137,26783
212021293,7,135,0,135,..,26,3,27,3,30,..,18,8,25,0,25,..,51,5,59,0,59,..,585,64,647,5,659,..,3860,496,4355,33,4395,..,98,13,105,856,960,17605,3959,504,4467,891,22963
212021295,90,439,3,445,..,12,0,9,0,9,..,53,20,71,0,71,..,206,96,295,0,297,..,1966,747,2711,36,2752,..,5257,1535,6794,77,6872,..,159,79,232,871,1104,3918,5416,1608,7024,951,11889
212021297,17,185,0,185,..,19,7,31,0,31,..,82,20,97,0,97,..,74,23,99,0,99,..,1893,531,2426,30,2457,..,5283,1123,6402,71,6475,..,125,39,164,629,790,4201,5401,1160,6565,702,11472
212021299,0,22,0,28,..,0,0,0,0,0,..,47,12,52,0,52,..,35,5,42,0,42,..,482,112,598,4,606,..,1831,309,2144,9,2151,..,53,11,64,286,352,5739,1881,323,2208,300,8241
212021453,18,161,0,165,..,17,3,18,0,18,..,94,19,120,0,120,..,185,76,254,3,259,..,1062,259,1323,15,1338,..,4868,942,5805,54,5854,..,103,17,117,524,641,5592,4965,962,5920,570,12086
212021454,17,281,4,287,..,27,6,33,0,31,..,157,49,209,0,209,..,138,42,176,0,176,..,1130,257,1391,7,1398,..,5864,1011,6878,44,6919,..,105,30,140,539,673,5763,5978,1043,7017,581,13360
212021455,21,179,0,181,..,12,6,16,0,16,..,26,8,34,0,34,..,77,17,87,0,87,..,918,212,1129,15,1145,..,4051,679,4733,41,4771,..,106,26,135,546,675,8058,4161,707,4868,583,13504
212021456,10,146,0,144,..,26,12,41,3,39,..,60,13,70,0,70,..,81,38,123,0,122,..,1198,291,1487,18,1514,..,5017,978,5996,66,6069,..,115,30,146,806,954,7736,5136,1003,6142,878,14758
212021553,21,370,0,370,..,22,4,21,0,21,..,12,5,22,0,22,..,48,3,48,0,48,..,735,100,836,15,854,..,5447,592,6034,60,6093,..,79,9,87,536,628,11036,5524,600,6121,599,17760
212021554,7,240,0,240,..,15,3,17,0,19,..,14,0,23,0,23,..,48,6,52,0,53,..,639,119,755,8,761,..,4057,485,4542,39,4583,..,65,6,72,368,437,6233,4121,491,4613,407,11254
212031300,22,170,0,171,..,40,22,60,0,60,..,47,9,60,0,58,..,76,44,122,0,122,..,1351,367,1714,24,1739,..,5338,1046,6383,77,6458,..,130,36,169,1505,1675,13149,5472,1087,6552,1578,21281
212031303,11,121,3,126,..,19,11,27,0,27,..,13,3,16,0,16,..,33,12,39,0,39,..,610,83,684,18,706,..,3575,396,3979,71,4047,..,62,9,72,636,706,12646,3640,404,4050,707,17400
212031304,27,324,3,325,..,47,16,61,0,61,..,64,16,83,0,84,..,85,40,125,0,125,..,1694,437,2129,31,2160,..,7878,1202,9079,97,9178,..,163,56,220,797,1011,11347,8040,1258,9299,888,21535
212031306,27,445,9,455,..,30,3,37,0,37,..,195,26,220,0,218,..,169,60,229,0,233,..,1675,394,2075,32,2102,..,8924,1335,10262,113,10373,..,200,49,249,608,857,6799,9127,1387,10510,723,18027
212031308,0,0,0,0,..,3,4,6,0,6,..,0,0,0,0,0,..,6,0,6,0,6,..,62,8,66,0,70,..,245,36,277,6,281,..,8,0,14,413,428,7319,256,36,290,417,8024
212031457,4,130,0,131,..,13,0,17,0,17,..,36,5,41,0,41,..,30,11,44,0,44,..,1082,293,1378,19,1393,..,3668,693,4357,39,4396,..,90,23,113,291,406,8344,3759,714,4469,333,13152
212031458,16,238,4,238,..,30,3,39,0,39,..,65,12,83,6,85,..,89,34,126,0,124,..,2361,712,3073,28,3101,..,6293,1255,7552,51,7608,..,158,74,229,521,753,8352,6453,1332,7782,581,16713
212031555,17,305,5,309,..,14,3,13,0,13,..,42,4,50,0,50,..,40,13,51,0,51,..,684,88,775,19,789,..,5157,466,5620,66,5685,..,87,15,103,283,390,4461,5250,480,5725,349,10535
212031556,28,280,9,289,..,9,0,13,0,13,..,41,10,51,0,51,..,64,6,70,0,70,..,1137,241,1380,33,1408,..,7371,853,8227,118,8345,..,113,17,131,488,620,5844,7485,874,8360,604,14802
212031557,49,500,9,508,..,57,9,65,0,68,..,49,3,54,0,54,..,50,11,60,0,58,..,1992,428,2417,32,2451,..,9837,1166,11004,116,11122,..,182,38,224,893,1118,11182,10016,1206,11223,1014,23415
212031558,9,192,4,189,..,8,0,14,0,14,..,26,3,36,0,33,..,20,7,31,0,31,..,964,151,1118,25,1144,..,5026,606,5634,88,5717,..,74,23,96,481,580,5992,5102,629,5727,571,12289
212031559,22,467,8,477,..,14,0,14,0,21,..,59,16,78,0,78,..,40,15,57,0,57,..,1536,351,1885,35,1922,..,6255,770,7025,90,7113,..,148,35,184,380,561,5094,6406,808,7205,470,12772
212031560,9,180,6,185,..,42,12,49,0,49,..,36,4,40,0,43,..,75,18,96,0,96,..,899,310,1214,19,1236,..,3420,710,4132,44,4180,..,77,22,96,558,654,7073,3496,730,4230,608,11910
212031561,25,220,3,230,..,29,5,39,0,39,..,56,10,65,0,65,..,194,108,305,0,305,..,1593,558,2157,21,2175,..,5447,1240,6680,61,6738,..,137,58,191,745,940,5037,5576,1296,6877,802,12715
212031562,35,238,0,239,..,22,9,32,0,31,..,89,23,111,0,117,..,220,116,338,0,339,..,1712,541,2248,31,2280,..,5674,1364,7034,72,7107,..,150,53,196,788,990,5273,5819,1410,7230,860,13368
212041309,3,132,0,132,..,21,5,22,0,22,..,32,11,44,0,44,..,209,91,301,0,304,..,497,61,563,13,578,..,5075,1145,6213,65,6280,..,58,6,61,339,396,4880,5130,1145,6277,406,11554
212041310,10,229,5,229,..,39,20,60,0,60,..,37,13,46,0,46,..,418,182,603,8,606,..,578,98,674,14,691,..,7000,1884,8887,84,8976,..,79,23,103,528,626,3783,7080,1905,8989,611,13381
212041312,105,700,13,714,..,23,10,33,0,32,..,106,34,149,4,148,..,618,259,880,11,887,..,1926,596,2519,16,2543,..,10114,2346,12463,105,12571,..,213,74,287,1216,1503,8456,10327,2423,12749,1320,22526
212041313,0,23,0,23,..,27,7,34,0,34,..,49,14,62,0,62,..,122,37,160,0,160,..,226,24,247,10,253,..,1907,245,2158,17,2171,..,41,3,50,270,320,8004,1953,253,2207,286,10499
212041316,8,83,0,82,..,15,5,17,0,17,..,55,18,72,0,72,..,324,155,482,6,485,..,488,110,595,5,603,..,3311,757,4065,25,4097,..,49,15,65,315,376,2987,3361,770,4134,343,7456
212041317,7,88,0,88,..,112,95,204,5,212,..,45,30,77,0,77,..,3458,2110,5565,36,5602,..,1130,623,1757,21,1768,..,11197,5479,16677,132,16813,..,164,119,274,992,1269,4167,11356,5593,16958,1125,22248
212041318,6,58,0,58,..,57,36,93,0,93,..,35,13,52,0,51,..,1964,1232,3193,14,3205,..,325,92,424,3,425,..,5925,3131,9054,57,9109,..,100,58,157,387,538,2974,6024,3184,9210,445,12621
212041459,12,180,0,179,..,27,4,35,0,35,..,41,16,64,0,64,..,774,419,1191,6,1194,..,995,283,1277,26,1304,..,6228,1618,7845,92,7942,..,124,38,163,771,929,3864,6347,1655,8008,863,12739
212041460,11,160,0,160,..,76,46,122,0,127,..,104,35,142,0,142,..,2047,1240,3285,16,3302,..,1207,387,1593,34,1626,..,9074,3710,12780,100,12875,..,187,101,291,835,1126,5585,9260,3811,13072,934,19591
212041563,165,961,12,969,..,22,11,36,0,36,..,137,36,168,0,168,..,321,198,514,6,519,..,3410,1259,4666,45,4716,..,10609,3022,13635,129,13764,..,234,134,366,1934,2298,5424,10845,3157,14004,2054,21487
212041564,16,100,0,99,..,16,8,22,0,22,..,117,22,139,0,139,..,94,45,132,0,136,..,2760,890,3653,32,3678,..,4884,1355,6244,53,6296,..,180,74,256,551,804,2254,5071,1431,6496,600,9350
212041565,7,145,0,149,..,38,15,56,0,56,..,231,74,307,0,305,..,1356,709,2064,12,2071,..,602,81,688,6,690,..,6412,2345,8755,57,8814,..,138,70,210,519,731,5552,6550,2415,8962,578,15096
212041566,6,293,0,295,..,27,4,31,0,31,..,316,40,354,5,354,..,1034,338,1366,14,1377,..,781,86,867,12,879,..,7869,1624,9493,79,9576,..,119,22,138,277,412,5107,7991,1643,9636,357,15093
212051319,6,142,0,146,..,75,9,86,0,83,..,19,6,22,0,22,..,231,51,278,0,280,..,530,72,600,11,606,..,7048,1262,8310,76,8387,..,64,26,88,701,793,10336,7108,1291,8400,777,19507
212051321,30,656,0,657,..,24,3,32,0,32,..,19,4,19,0,19,..,235,40,276,0,280,..,546,51,600,9,605,..,10500,2078,12576,66,12642,..,87,26,110,546,649,8307,10586,2104,12688,605,21603
212051322,25,632,0,637,..,65,11,78,0,78,..,34,4,42,0,42,..,346,74,418,0,418,..,540,50,589,15,605,..,10804,2416,13220,58,13276,..,61,19,81,832,915,6847,10865,2436,13300,891,21036
212051323,3,232,4,233,..,35,3,35,0,35,..,16,0,16,0,16,..,170,20,188,0,186,..,352,37,382,8,388,..,6890,1220,8115,54,8164,..,63,3,65,454,520,7386,6955,1228,8177,510,16073
212051324,10,297,0,296,..,41,5,46,0,46,..,13,0,9,0,9,..,248,52,302,0,303,..,445,54,495,13,505,..,7969,1364,9333,85,9412,..,62,7,71,561,632,9222,8030,1372,9401,646,19265
212051325,15,320,0,319,..,49,10,64,0,59,..,56,6,63,0,68,..,611,151,764,5,772,..,627,87,712,21,733,..,8683,1419,10103,105,10211,..,105,16,121,579,701,8980,8787,1436,10222,685,19889
212051326,15,202,4,199,..,49,18,67,0,67,..,21,5,21,0,24,..,324,72,398,5,406,..,649,101,751,16,768,..,8816,1713,10530,91,10620,..,74,15,89,793,880,11424,8892,1727,10617,886,22928
212051327,5,278,0,276,..,32,8,37,0,37,..,63,14,82,0,82,..,180,42,225,0,225,..,545,50,592,11,600,..,7940,1510,9444,56,9498,..,94,24,125,751,878,10276,8036,1533,9569,808,20652
212051567,4,119,5,121,..,28,0,24,0,24,..,15,0,19,0,19,..,245,29,278,0,278,..,389,13,408,4,414,..,5031,570,5598,34,5629,..,34,8,39,846,885,3314,5064,572,5634,878,9829
212051568,11,237,0,233,..,26,5,31,0,31,..,8,5,8,0,6,..,212,50,263,3,267,..,648,49,693,12,708,..,6716,1276,7996,98,8098,..,65,13,81,704,785,3176,6787,1294,8077,801,12052
213011328,18,71,0,71,..,17,3,19,0,19,..,22,7,31,0,31,..,478,255,736,7,743,..,710,136,846,13,860,..,2783,691,3479,44,3521,..,35,15,48,584,633,3348,2824,705,3528,623,7502
213011329,4,66,0,66,..,18,0,21,0,21,..,118,28,149,0,149,..,2158,958,3117,30,3145,..,675,155,827,14,834,..,5400,1498,6895,54,6949,..,45,12,59,307,367,2730,5443,1517,6957,356,10038
213011331,0,37,0,37,..,11,4,14,0,14,..,142,36,173,0,173,..,699,424,1121,6,1134,..,543,136,677,9,684,..,3659,1071,4727,32,4756,..,55,23,77,356,430,2891,3714,1094,4805,380,8077
213011332,0,30,0,30,..,15,0,22,0,19,..,152,45,195,3,198,..,876,342,1226,10,1231,..,652,136,787,7,796,..,4951,1181,6135,33,6168,..,65,13,78,568,648,6267,5020,1194,6211,606,13082
213011333,9,63,0,65,..,36,11,47,0,47,..,179,50,232,0,232,..,2164,1492,3653,21,3675,..,1335,489,1820,19,1843,..,6529,2834,9359,62,9420,..,90,41,137,787,920,3636,6617,2879,9496,843,13983
213011334,26,118,0,118,..,36,15,51,0,51,..,98,40,132,0,132,..,3191,2142,5336,36,5372,..,1860,555,2416,32,2451,..,9904,3752,13661,117,13776,..,145,59,203,1698,1903,4905,10047,3817,13865,1814,20581
213011335,9,62,0,63,..,23,14,36,0,36,..,75,32,112,0,112,..,3414,2270,5683,42,5730,..,1249,335,1584,15,1601,..,8605,3704,12314,105,12418,..,115,41,160,1588,1746,3294,8723,3748,12469,1690,17454
213011336,10,68,7,72,..,28,5,28,0,29,..,38,11,51,0,51,..,1047,550,1604,19,1620,..,609,191,804,15,818,..,3792,1147,4940,57,5001,..,65,18,82,533,614,3833,3860,1168,5027,588,9445
213011337,18,71,0,71,..,18,0,20,0,20,..,50,10,62,0,61,..,3012,1650,4664,41,4696,..,928,272,1202,13,1215,..,5854,2461,8313,74,8384,..,58,30,84,715,803,2857,5914,2486,8399,783,12047
213011338,26,97,3,103,..,54,12,58,0,58,..,287,80,371,3,374,..,2462,1280,3749,24,3771,..,1860,454,2317,18,2334,..,8542,2850,11392,96,11485,..,138,47,188,1007,1195,5877,8677,2901,11576,1105,18558
213011339,11,111,0,116,..,9,0,9,0,9,..,104,17,127,3,128,..,229,106,333,7,341,..,611,108,720,15,738,..,4524,726,5251,51,5301,..,77,10,91,492,583,5842,4605,740,5345,544,11726
213011340,4,45,0,45,..,14,0,17,0,17,..,174,33,204,0,204,..,330,109,438,0,438,..,661,78,744,4,749,..,5679,757,6435,22,6458,..,101,17,114,442,556,9894,5780,771,6552,463,16910
213011569,12,103,0,103,..,57,14,75,0,75,..,190,59,244,0,249,..,1694,901,2596,37,2633,..,1930,571,2505,33,2533,..,8073,2330,10409,108,10516,..,142,66,205,1206,1413,6077,8219,2395,10610,1316,18004
213011570,3,30,0,30,..,13,5,19,0,19,..,43,3,46,0,46,..,971,396,1359,19,1376,..,847,150,995,9,1004,..,4204,839,5045,52,5088,..,79,18,100,343,445,3114,4281,860,5144,395,8653
213021341,0,21,0,21,..,24,4,28,0,28,..,16,3,20,0,20,..,126,32,156,0,156,..,502,63,568,10,583,..,2333,265,2597,25,2619,..,39,3,44,553,598,10338,2371,265,2644,579,13556
213021342,0,27,0,27,..,43,12,52,0,52,..,32,10,35,0,35,..,379,174,554,6,564,..,889,114,1010,25,1027,..,4855,931,5785,70,5854,..,93,14,111,767,876,11752,4948,945,5896,834,18479
213021343,0,22,0,22,..,38,3,38,3,41,..,18,0,16,0,16,..,440,179,613,11,625,..,624,106,727,14,738,..,4930,1154,6087,58,6149,..,79,16,93,827,923,7865,5010,1176,6185,888,14931
213021344,0,28,0,28,..,37,10,50,0,47,..,19,0,22,0,27,..,120,34,155,3,158,..,317,44,360,10,368,..,2947,474,3416,35,3455,..,61,11,73,574,652,14650,3003,485,3489,613,18753
213021345,6,65,0,64,..,14,9,18,0,18,..,14,4,18,0,15,..,83,24,106,0,105,..,242,27,269,0,273,..,1695,226,1917,20,1943,..,21,5,29,194,217,2791,1717,229,1946,214,4952
213021346,0,14,0,14,..,29,3,32,0,32,..,14,0,15,0,15,..,119,33,152,0,151,..,269,31,300,3,307,..,2158,225,2375,22,2393,..,49,0,52,481,536,12977,2203,224,2428,503,15912
213031347,5,72,0,72,..,46,3,47,0,47,..,77,32,108,0,112,..,3096,1413,4509,42,4547,..,1326,231,1561,30,1588,..,8221,2566,10789,105,10893,..,85,33,111,1058,1172,7004,8300,2597,10900,1161,19068
213031348,4,34,0,34,..,51,7,56,0,56,..,34,5,40,0,40,..,1221,565,1786,16,1803,..,790,134,928,9,934,..,5271,1342,6615,64,6674,..,78,15,95,1234,1325,9126,5355,1357,6709,1293,17131
213031349,0,30,0,30,..,28,0,33,0,33,..,76,6,87,0,87,..,1397,395,1790,9,1798,..,413,51,457,13,468,..,4994,954,5951,67,6021,..,55,9,66,418,476,6074,5052,965,6013,483,12573
213031350,0,17,0,17,..,30,10,40,0,40,..,30,9,37,0,37,..,253,114,365,0,367,..,207,35,237,10,248,..,1547,440,1980,21,2004,..,48,4,52,245,295,6947,1594,440,2030,270,9247
213031351,4,29,0,29,..,33,8,37,0,37,..,42,18,62,0,59,..,642,306,948,9,961,..,483,72,560,11,572,..,2946,757,3708,47,3754,..,51,14,62,619,683,7299,3003,771,3768,670,11735
213031352,6,23,0,23,..,38,0,36,0,38,..,30,0,30,0,30,..,339,105,448,0,450,..,245,32,278,8,282,..,2526,540,3065,27,3092,..,54,11,66,505,573,11799,2582,556,3134,527,15463
213041353,4,46,0,46,..,19,0,14,0,14,..,21,5,24,0,24,..,47,12,57,0,60,..,463,49,513,9,527,..,2159,226,2387,30,2416,..,75,8,84,908,989,21309,2231,239,2469,935,24717
213041358,13,63,0,68,..,39,10,41,0,41,..,89,14,98,0,102,..,149,84,231,3,231,..,1267,258,1526,28,1553,..,4928,767,5699,74,5772,..,135,22,157,1294,1453,13984,5069,797,5859,1362,21208
213041359,32,232,3,230,..,28,4,34,0,31,..,82,7,91,0,91,..,263,94,361,4,367,..,1376,174,1552,31,1581,..,8035,852,8884,136,9016,..,90,25,119,3028,3144,5396,8124,876,8997,3159,17553
213041360,7,180,0,184,..,54,14,67,0,67,..,219,36,247,0,254,..,592,274,860,8,865,..,1225,139,1364,19,1383,..,7905,1008,8919,53,8970,..,130,20,153,554,699,9865,8034,1034,9064,606,19539
213041461,3,44,0,44,..,6,0,6,0,6,..,36,4,38,0,39,..,322,102,424,0,422,..,613,124,735,11,747,..,2591,465,3056,29,3090,..,53,17,65,254,323,2389,2645,482,3125,288,5800
213041462,7,110,0,107,..,10,0,10,0,10,..,67,12,88,0,86,..,406,204,608,0,615,..,547,82,633,10,642,..,3302,514,3813,22,3836,..,41,16,54,124,181,2363,3342,526,3867,144,6377
213041463,6,161,3,163,..,44,5,44,0,44,..,166,24,193,0,195,..,750,245,997,6,1002,..,1473,251,1729,16,1748,..,8140,1100,9241,64,9303,..,146,40,189,762,947,10119,8290,1135,9429,821,20365
213041571,4,30,0,34,..,12,0,12,0,12,..,16,6,22,0,22,..,63,29,92,0,92,..,768,139,911,9,924,..,2977,405,3388,37,3415,..,73,16,93,431,520,5895,3049,424,3474,463,9829
213041572,7,85,0,85,..,10,0,7,0,7,..,37,0,33,0,33,..,39,11,54,0,54,..,574,97,675,17,695,..,3660,399,4057,89,4144,..,48,22,67,399,467,2987,3711,418,4125,488,7598
213041573,0,0,0,0,..,3,0,3,0,3,..,0,0,0,0,0,..,11,0,14,0,9,..,65,10,70,0,70,..,246,23,269,0,273,..,6,0,7,75,80,2645,254,23,278,75,2990
213041574,3,93,0,93,..,12,0,12,0,12,..,100,9,111,0,114,..,189,60,244,4,248,..,723,108,834,14,849,..,4608,461,5068,62,5133,..,65,4,76,323,398,4572,4673,469,5141,381,10098
213041575,3,75,0,74,..,15,0,13,0,13,..,178,17,187,0,191,..,203,62,262,0,262,..,695,64,760,8,768,..,4984,560,5548,37,5582,..,84,16,104,468,570,10020,5075,577,5657,506,16182
213041576,9,18,0,24,..,20,3,19,0,19,..,47,6,59,0,59,..,71,33,106,0,106,..,560,70,634,14,643,..,2122,253,2374,17,2392,..,56,7,69,591,656,8581,2180,266,2443,609,11632
213041577,4,19,0,19,..,16,0,17,0,17,..,57,7,65,4,64,..,75,38,111,0,112,..,401,127,526,11,538,..,1411,334,1742,28,1775,..,38,7,46,701,753,5365,1452,337,1789,729,7886
213041578,20,152,4,155,..,36,6,45,0,45,..,32,9,39,5,44,..,94,51,142,0,146,..,1167,405,1572,29,1604,..,4775,929,5706,80,5783,..,131,58,190,1371,1558,9314,4908,983,5896,1448,16658
213051361,6,161,0,161,..,36,10,45,0,45,..,19,9,30,0,30,..,132,45,175,0,175,..,1316,264,1587,23,1608,..,5678,911,6590,70,6662,..,94,32,122,864,989,10794,5772,945,6713,938,18446
213051362,10,158,0,159,..,49,9,60,0,60,..,38,9,43,0,43,..,182,76,260,0,257,..,1471,502,1973,30,2004,..,6096,1199,7291,67,7361,..,107,32,136,1070,1207,10203,6204,1228,7432,1129,18772
213051363,3,121,0,119,..,53,18,75,0,75,..,16,0,12,0,12,..,157,61,217,0,217,..,944,246,1186,19,1207,..,5512,856,6366,80,6447,..,68,14,81,740,816,4187,5577,874,6448,817,11459
213051368,3,129,3,130,..,31,5,38,0,38,..,23,4,26,0,26,..,103,24,128,4,131,..,774,229,1002,16,1015,..,4832,751,5581,72,5655,..,92,26,117,879,990,10161,4918,780,5699,952,16810
213051464,8,261,6,263,..,34,9,39,0,39,..,54,6,62,0,62,..,163,42,203,0,203,..,1079,97,1180,26,1207,..,7784,1085,8869,100,8973,..,135,13,146,924,1071,9229,7919,1097,9021,1021,19274
213051466,16,503,3,503,..,37,6,40,0,43,..,17,0,16,0,19,..,126,47,169,0,167,..,1406,146,1545,34,1580,..,10119,1180,11297,147,11442,..,87,17,99,622,724,6929,10200,1193,11396,766,19091
213051467,19,103,3,104,..,37,13,57,0,55,..,11,0,17,0,17,..,194,80,278,0,281,..,1531,736,2263,26,2290,..,5053,1360,6415,72,6486,..,135,56,194,1261,1453,11069,5193,1417,6607,1332,19010
213051468,5,251,5,259,..,54,9,61,0,61,..,12,0,16,0,16,..,145,32,172,3,179,..,1458,330,1781,35,1821,..,6348,827,7176,112,7293,..,104,24,135,1157,1293,13761,6454,857,7310,1271,22341
213051579,15,349,5,353,..,20,10,20,3,25,..,11,5,20,0,20,..,47,6,52,0,52,..,1418,155,1572,45,1617,..,5374,438,5811,96,5911,..,71,6,84,428,509,4199,5448,445,5896,527,10616
213051580,9,174,0,174,..,45,9,55,0,55,..,24,0,22,0,22,..,183,62,248,4,247,..,656,69,720,15,736,..,5156,783,5939,58,6001,..,50,11,61,525,588,7582,5208,791,6000,585,14167
213051581,6,187,3,192,..,32,3,39,3,38,..,16,0,11,0,11,..,102,24,127,0,127,..,537,49,584,12,603,..,4424,581,5002,68,5070,..,51,7,50,328,380,4115,4471,583,5055,394,9565
213051582,28,230,4,233,..,11,0,13,0,13,..,22,3,25,0,25,..,70,25,95,0,95,..,994,130,1125,18,1140,..,6248,623,6871,99,6971,..,105,18,117,547,666,2485,6350,642,6990,652,10132
213051583,36,456,4,465,..,40,6,49,0,49,..,36,7,46,0,46,..,164,62,223,0,229,..,2803,347,3146,49,3198,..,15976,1541,17516,217,17734,..,175,45,222,1532,1751,8623,16154,1583,17738,1748,28116
213051584,13,151,9,159,..,3,0,4,0,4,..,5,0,5,0,5,..,47,17,64,0,62,..,717,99,820,24,838,..,4736,480,5210,90,5307,..,59,12,69,452,522,1370,4792,490,5284,549,7197
213051585,4,153,0,153,..,10,9,11,0,11,..,8,0,8,0,8,..,58,10,71,3,68,..,1081,185,1259,26,1286,..,5614,604,6215,70,6285,..,94,26,122,564,682,4207,5709,633,6340,633,11182
213051586,10,128,3,134,..,14,0,21,0,20,..,7,0,7,0,7,..,119,56,177,3,183,..,911,82,995,26,1017,..,5426,539,5968,100,6068,..,63,13,76,1438,1511,1755,5490,554,6042,1538,9340
213051587,5,112,6,119,..,16,3,17,0,17,..,18,0,17,0,17,..,154,65,214,4,219,..,891,86,977,24,1002,..,5945,632,6585,111,6695,..,57,7,70,393,466,2438,6010,642,6654,507,9596
213051588,14,309,3,312,..,31,6,33,0,31,..,28,5,32,0,35,..,208,70,277,4,283,..,2011,265,2275,61,2334,..,11205,1284,12485,191,12675,..,196,30,226,1257,1483,4907,11400,1312,12718,1450,19065
213051589,8,167,0,173,..,11,10,27,0,27,..,15,0,15,0,15,..,24,9,28,0,28,..,1020,215,1232,29,1252,..,3546,455,4001,55,4061,..,70,21,87,588,678,4301,3614,476,4090,643,9032
213051590,5,128,3,132,..,37,9,46,0,45,..,17,0,17,0,17,..,48,12,60,0,60,..,1320,445,1762,31,1795,..,3855,710,4561,58,4621,..,106,33,134,558,687,8240,3954,742,4694,613,13546
214011370,15,185,0,190,..,44,13,54,0,54,..,35,11,48,0,48,..,86,21,105,0,104,..,541,86,629,15,643,..,3311,453,3767,54,3821,..,99,14,108,881,993,17168,3413,463,3873,937,21976
214011371,0,22,0,22,..,53,11,59,0,59,..,9,4,17,0,17,..,46,5,41,0,41,..,423,74,490,14,506,..,2514,398,2914,37,2956,..,92,12,98,1551,1649,18976,2608,409,3015,1592,23586
214011372,0,11,0,11,..,51,8,56,0,57,..,22,3,23,0,23,..,47,15,61,0,61,..,354,69,421,12,431,..,1834,341,2170,28,2200,..,80,4,86,1527,1620,15633,1908,345,2261,1558,19453
214011373,0,18,0,18,..,28,3,24,0,24,..,3,0,3,0,3,..,9,0,15,0,15,..,222,22,248,4,250,..,1512,164,1679,10,1687,..,64,4,65,607,677,16445,1576,163,1746,614,18801
214011374,0,0,0,0,..,46,7,57,0,57,..,3,0,3,0,3,..,14,0,18,0,18,..,236,45,279,4,290,..,1221,156,1378,13,1389,..,60,7,67,740,805,22741,1282,160,1446,752,24939
214011375,0,17,0,17,..,54,10,66,0,66,..,46,3,50,0,48,..,18,4,19,0,19,..,238,37,275,8,278,..,1417,206,1622,24,1649,..,66,0,64,933,998,14571,1485,205,1692,959,17215
214011376,3,77,0,77,..,27,10,34,0,37,..,25,7,34,0,34,..,50,17,65,0,65,..,313,45,359,3,364,..,1788,229,2015,12,2038,..,36,7,45,351,392,10881,1827,235,2061,361,13303
214021377,0,4,0,4,..,23,4,23,0,23,..,5,3,14,0,14,..,7,0,7,0,7,..,80,17,94,0,101,..,972,132,1102,24,1121,..,33,3,38,775,810,11433,1006,132,1139,796,13366
214021378,0,0,0,0,..,4,0,4,0,4,..,0,0,0,0,0,..,4,0,4,0,4,..,29,0,33,3,31,..,162,9,173,7,181,..,10,0,10,449,464,5349,177,9,190,451,5995
214021379,0,0,0,0,..,43,9,52,3,55,..,0,0,0,0,0,..,20,9,31,0,31,..,160,19,188,0,191,..,814,87,905,10,915,..,63,4,66,1332,1398,21661,875,92,971,1340,23970
214021381,0,15,0,15,..,18,0,20,0,20,..,8,0,8,0,8,..,22,0,27,0,27,..,150,17,165,6,172,..,1082,86,1166,19,1183,..,49,4,46,530,580,16973,1128,91,1215,546,18734
214021382,0,0,0,0,..,13,0,13,0,14,..,16,0,14,0,14,..,13,0,14,0,14,..,176,21,197,4,199,..,896,67,969,3,972,..,49,0,45,626,678,18195,944,71,1018,634,19846
214021383,0,3,0,3,..,20,4,21,0,21,..,7,0,7,0,7,..,9,0,12,0,12,..,120,9,128,4,134,..,1116,121,1240,25,1264,..,36,0,41,1571,1604,16944,1156,126,1281,1592,19811
214021384,0,0,0,0,..,28,5,26,0,26,..,10,9,18,0,18,..,11,3,17,0,17,..,160,16,179,6,178,..,1242,145,1390,19,1411,..,67,0,68,1572,1641,19893,1313,150,1459,1590,22944
214021385,0,0,0,0,..,15,5,21,0,21,..,12,0,13,0,13,..,10,0,10,0,10,..,101,11,117,4,119,..,622,51,682,8,685,..,44,7,48,692,740,17098,669,55,729,699,18522
214021591,0,7,0,7,..,17,3,19,0,19,..,0,0,0,0,0,..,13,4,17,0,17,..,137,14,150,3,151,..,793,87,884,10,889,..,57,3,64,494,556,13736,853,90,943,504,15175
214021592,0,0,0,0,..,14,0,14,0,14,..,3,0,3,0,3,..,0,4,6,0,6,..,77,15,87,0,87,..,494,53,543,9,555,..,22,3,24,615,636,9387,516,52,570,622,10581
215011386,0,3,0,3,..,5,0,5,0,5,..,6,0,5,0,5,..,11,4,15,0,15,..,84,10,91,5,95,..,448,77,526,8,530,..,24,0,20,1157,1177,6790,464,82,545,1160,8500
215011387,0,0,0,0,..,3,0,3,0,3,..,0,0,0,0,0,..,0,0,0,0,0,..,13,3,16,0,16,..,53,5,57,0,57,..,3,0,3,233,238,2908,58,5,59,233,3204
215011388,4,11,0,13,..,8,0,9,0,9,..,11,0,20,0,15,..,19,0,19,0,19,..,125,59,189,7,198,..,779,109,880,14,899,..,33,8,49,846,897,15198,813,119,928,864,16985
215011389,0,0,0,0,..,0,0,0,0,0,..,0,0,0,0,0,..,0,0,0,0,0,..,19,4,25,0,30,..,50,6,58,0,62,..,6,0,6,202,212,3200,57,6,65,204,3471
215011390,0,5,0,5,..,4,0,4,0,4,..,0,0,0,0,0,..,7,3,11,0,11,..,154,115,270,6,269,..,296,125,424,3,428,..,18,4,26,431,457,6073,316,130,444,439,6956
215011391,0,0,0,0,..,0,0,0,0,0,..,0,0,0,0,0,..,0,5,5,0,9,..,8,0,11,0,11,..,74,8,79,0,83,..,7,0,7,248,256,3119,76,8,85,251,3453
215011392,0,15,0,15,..,3,0,3,0,3,..,0,0,0,0,0,..,5,0,5,0,5,..,128,12,142,0,140,..,450,106,562,3,567,..,23,4,26,758,788,7150,476,108,589,767,8504
215011393,0,0,0,0,..,0,0,0,0,0,..,0,0,0,0,0,..,4,0,4,0,4,..,5,0,5,0,6,..,60,6,64,3,70,..,7,0,7,246,254,2446,65,5,71,253,2766
215011394,0,0,0,0,..,4,0,5,3,7,..,0,0,0,0,0,..,0,0,0,0,0,..,30,12,43,0,43,..,161,23,188,8,192,..,8,0,8,472,480,5825,169,23,197,478,6501
215021395,0,3,0,8,..,8,7,20,6,27,..,17,0,24,0,24,..,10,4,13,0,13,..,65,11,80,0,81,..,494,112,603,8,616,..,25,3,32,559,585,6498,516,117,631,564,7700
215021396,0,0,0,0,..,3,7,10,0,10,..,5,7,13,0,13,..,0,3,3,0,3,..,17,3,27,3,30,..,136,50,187,3,188,..,11,0,13,464,477,4309,148,50,196,466,4976
215021398,0,0,0,0,..,6,4,10,0,10,..,0,0,0,0,0,..,4,0,4,0,4,..,34,7,38,0,44,..,150,29,177,7,185,..,28,0,28,363,395,3146,180,29,212,365,3726
215021399,0,0,0,0,..,8,20,26,0,26,..,23,7,29,0,29,..,6,7,18,0,18,..,57,11,63,0,67,..,350,119,467,4,473,..,25,0,25,466,490,5173,374,119,492,475,6138
215021469,8,34,0,36,..,25,41,73,0,73,..,68,53,122,0,122,..,104,115,216,8,225,..,492,163,653,6,664,..,1801,847,2649,48,2695,..,68,17,91,1331,1422,13910,1868,863,2735,1386,18027
215021470,4,42,0,42,..,23,16,36,0,37,..,160,80,247,0,247,..,81,66,148,0,147,..,368,148,518,10,528,..,2108,711,2819,26,2846,..,48,12,63,1024,1089,12473,2154,724,2885,1048,16408
215031400,0,0,0,0,..,8,0,10,0,10,..,6,0,3,0,3,..,3,0,3,0,3,..,32,0,36,0,36,..,183,19,203,0,206,..,11,0,13,518,534,5444,196,22,217,520,6184
215031401,0,0,0,0,..,6,0,8,0,8,..,0,0,0,0,0,..,0,0,0,0,0,..,19,3,21,0,23,..,133,18,154,4,162,..,15,0,19,545,562,5997,151,26,172,553,6719
215031402,0,0,0,0,..,8,0,8,0,8,..,0,0,0,0,0,..,0,0,0,0,0,..,16,0,16,3,15,..,89,9,94,3,95,..,12,0,10,273,287,3573,98,11,106,276,3960
215031403,0,20,0,20,..,38,51,92,0,92,..,0,0,0,0,0,..,65,156,225,6,237,..,267,106,375,9,387,..,883,653,1533,24,1558,..,23,18,49,452,496,1684,905,674,1583,475,3740
215031404,0,9,0,9,..,9,0,10,0,10,..,0,0,0,0,0,..,92,69,160,0,163,..,150,46,199,11,204,..,1035,326,1359,24,1382,..,46,17,62,681,741,9057,1087,340,1425,700,11186
215031405,0,0,0,0,..,14,17,32,0,32,..,0,0,0,0,0,..,4,9,13,0,13,..,89,29,111,5,115,..,386,167,546,14,565,..,15,3,23,608,624,5293,400,165,567,622,6477
216011406,0,11,0,11,..,0,3,6,0,6,..,0,0,0,0,0,..,16,9,27,0,27,..,77,13,92,0,93,..,600,84,682,13,699,..,59,3,60,859,926,14011,661,86,749,876,15636
216011407,0,3,0,3,..,7,0,14,0,14,..,6,0,6,0,6,..,3,0,3,0,3,..,73,11,82,4,84,..,429,57,482,7,491,..,34,0,37,640,677,9947,461,54,518,649,11121
216011408,0,0,0,0,..,5,0,5,0,5,..,0,0,0,0,0,..,0,0,0,0,0,..,11,0,11,0,10,..,78,0,78,4,83,..,3,0,9,362,372,3476,82,0,85,365,3927
216011409,0,0,0,0,..,8,0,7,0,7,..,0,0,0,0,0,..,0,3,3,0,3,..,7,0,7,0,7,..,58,15,74,0,76,..,14,0,14,286,299,3640,74,15,87,288,4016
216011410,0,0,0,0,..,10,13,19,0,19,..,3,3,4,0,4,..,3,0,3,0,3,..,31,7,34,0,34,..,124,55,179,3,183,..,10,0,10,385,397,3614,134,55,191,386,4193
216021411,0,13,0,13,..,15,10,30,0,30,..,5,0,0,0,0,..,0,0,0,0,0,..,43,6,51,0,53,..,598,212,807,18,824,..,24,3,24,419,441,5200,624,215,831,433,6465
216021412,0,0,0,0,..,4,0,4,0,4,..,0,0,0,0,0,..,0,0,0,0,0,..,7,4,17,0,17,..,69,13,80,0,84,..,11,0,11,227,240,2520,80,13,91,234,2843
216021413,0,6,0,6,..,17,0,21,0,21,..,0,0,0,0,0,..,7,4,17,0,17,..,79,12,94,0,98,..,333,62,404,6,404,..,33,0,34,977,1012,11142,366,69,434,981,12555
216021414,0,0,0,0,..,5,0,8,0,8,..,0,0,0,0,0,..,3,0,3,0,3,..,43,4,50,0,50,..,257,22,282,3,284,..,27,0,24,496,521,7851,287,28,309,499,8661
216031415,0,10,0,10,..,22,4,30,0,30,..,34,16,53,0,53,..,5,5,7,0,7,..,65,16,83,0,89,..,536,138,676,11,687,..,28,7,32,811,840,6779,567,147,710,819,8312
216031416,3,69,0,69,..,28,8,32,0,32,..,82,28,110,0,120,..,24,6,28,3,31,..,596,148,743,19,759,..,3212,541,3748,62,3808,..,94,19,108,1336,1446,14674,3304,559,3859,1398,19928
216031418,0,0,0,0,..,0,0,0,0,0,..,5,0,6,0,6,..,0,0,0,0,0,..,28,3,30,0,30,..,178,32,213,3,217,..,8,0,10,294,311,3495,187,31,220,297,4017
216031419,0,0,0,0,..,14,21,33,0,33,..,58,21,88,0,88,..,8,4,17,0,17,..,55,16,68,7,71,..,610,130,741,9,746,..,28,3,33,961,990,8614,637,135,772,971,10346
216031593,5,28,0,28,..,7,7,9,0,9,..,56,16,68,0,68,..,17,4,20,0,26,..,266,79,350,7,357,..,1420,304,1726,22,1750,..,27,8,37,312,347,6988,1451,311,1763,332,9082
216031594,7,53,0,49,..,40,14,50,0,50,..,114,35,151,0,151,..,13,5,19,0,19,..,948,466,1412,21,1434,..,3525,1248,4773,67,4838,..,78,33,110,1201,1311,10368,3605,1273,4881,1270,16520
217011420,0,0,0,0,..,11,0,16,0,16,..,0,0,0,0,0,..,4,0,5,0,5,..,41,7,50,0,49,..,178,13,191,5,200,..,19,3,23,649,673,8050,193,15,214,654,8920
217011421,0,0,0,0,..,14,7,21,0,21,..,0,0,0,0,0,..,11,0,8,0,8,..,55,13,69,3,75,..,332,35,371,10,381,..,23,0,26,543,570,9390,355,43,393,560,10346
217011422,0,4,0,4,..,17,0,17,0,17,..,0,0,0,0,0,..,11,5,17,0,13,..,66,8,67,0,73,..,358,21,384,5,386,..,31,0,30,680,712,10129,392,23,415,684,11230
217011423,0,0,0,0,..,8,0,8,0,8,..,0,0,0,0,0,..,0,0,0,0,0,..,17,0,21,0,21,..,109,9,120,0,122,..,12,0,12,395,406,5773,123,9,132,397,6301
217031471,0,0,0,0,..,0,0,0,0,0,..,3,0,3,0,3,..,0,0,0,0,0,..,0,3,10,0,10,..,74,7,82,0,82,..,5,0,5,233,238,3163,85,7,89,233,3491
217031472,0,8,0,8,..,13,3,16,0,18,..,0,0,0,0,0,..,13,6,19,0,19,..,141,35,172,12,182,..,640,268,914,14,932,..,29,3,35,599,630,11195,674,274,949,612,12756
217031473,0,0,0,0,..,5,0,3,0,3,..,0,0,0,0,0,..,3,0,10,0,10,..,25,4,26,0,26,..,97,11,106,0,108,..,8,0,5,381,387,5183,98,15,114,379,5669
217031474,0,0,0,0,..,0,0,3,0,3,..,0,0,0,0,0,..,0,0,0,0,0,..,26,0,26,0,26,..,108,14,120,0,126,..,17,0,20,384,412,4864,127,15,140,388,5395
217031475,0,0,0,0,..,3,3,3,0,3,..,0,0,0,0,0,..,4,0,4,0,4,..,37,4,43,3,45,..,185,19,204,3,212,..,15,0,15,489,503,6469,198,19,224,488,7180
217031476,0,0,0,0,..,0,0,0,0,0,..,5,0,5,0,5,..,0,0,0,0,0,..,40,0,41,0,41,..,251,17,269,6,271,..,4,0,4,424,430,3302,253,17,272,429,4008
217041477,0,0,0,0,..,0,0,0,0,0,..,0,0,0,0,0,..,0,0,0,0,0,..,44,6,46,0,51,..,144,10,153,4,155,..,19,0,19,439,448,6409,157,10,166,438,7018
217041478,0,0,0,0,..,4,0,4,0,4,..,4,0,4,0,4,..,4,0,4,0,4,..,32,6,36,5,39,..,182,18,202,8,211,..,21,5,27,605,634,9177,206,21,230,607,10014
217041479,4,20,0,20,..,32,0,39,0,39,..,0,0,0,4,8,..,39,37,82,0,84,..,133,23,157,3,161,..,882,181,1071,28,1094,..,53,3,50,1138,1191,20118,933,188,1115,1164,22405
217041480,4,5,0,5,..,20,16,37,0,37,..,3,0,7,0,7,..,28,13,39,0,39,..,125,14,136,5,146,..,666,134,798,18,815,..,51,7,58,749,808,11709,716,136,859,766,13337
297979799,0,0,0,0,..,0,0,0,0,0,..,0,0,0,0,0,..,0,0,0,0,0,..,0,0,0,0,0,..,5,0,5,0,5,..,0,0,0,27,27,13,5,0,5,27,38
299999499,0,6,0,6,..,7,0,7,0,7,..,25,13,32,0,35,..,32,14,42,0,42,..,187,40,227,6,229,..,794,171,962,15,977,..,37,7,45,3575,3624,4485,834,179,1012,3592,9089
